{"stats":{"minecraft:used":{"minecraft:stone_sword":69,"minecraft:iron_bars":2,"minecraft:iron_sword":194,"minecraft:torch":33,"minecraft:dirt":3,"minecraft:nether_bricks":5,"minecraft:acacia_sapling":1,"minecraft:nether_brick_stairs":1,"minecraft:oak_stairs":1,"minecraft:brick_stairs":1,"minecraft:crimson_roots":1,"minecraft:stone_bricks":6,"minecraft:furnace":1,"farmersdelight:cooking_pot":1,"tombstone:gift":3,"comforts:sleeping_bag_white":3,"minecraft:cooked_beef":5,"minecraft:stone_pickaxe":133,"minecraft:wooden_pickaxe":17,"born_in_chaos_v1:black_argillite_brick_stairs":1,"minecraft:crafting_table":3,"minecraft:apple":3,"minecraft:bread":35,"minecraft:iron_pickaxe":98,"tombstone:grave_key":2,"minecraft:stone_axe":64,"minecraft:fishing_rod":2,"minecraft:cobblestone":72,"minecraft:cooked_porkchop":7,"minecraft:andesite":2,"minecraft:bucket":1,"alexsmobs:animal_dictionary":1},"minecraft:dropped":{"minecraft:enchanted_book":1,"minecraft:bread":64,"minecraft:iron_sword":1,"minecraft:wheat_seeds":5,"minecraft:oak_log":2,"aquaculture:tin_can":1,"minecraft:mossy_cobblestone":1,"minecraft:iron_helmet":2,"minecraft:book":5,"minecraft:leather_helmet":1,"mca:book_romance":1,"minecraft:mutton":1,"minecraft:cut_sandstone":1,"iceandfire:dragonscales_red":5,"minecraft:gold_nugget":8,"minecraft:birch_log":1,"minecraft:acacia_planks":1,"alexsmobs:acacia_blossom":2,"alexsmobs:animal_dictionary":1,"minecraft:stone_sword":1,"minecraft:raw_copper":5,"minecraft:rotten_flesh":5,"minecraft:oak_planks":4,"evilcraft:flesh_humanoid":4,"minecraft:poppy":1,"minecraft:iron_chestplate":1,"minecraft:quartz_block":3,"minecraft:oak_sapling":12,"minecraft:stone_bricks":2,"minecraft:spider_eye":1,"doggytalents:rice_grains":6,"pfm:furniture_book":1,"minecraft:iron_bars":1,"minecraft:arrow":2,"minecraft:bow":1,"minecraft:wooden_pickaxe":1,"born_in_chaos_v1:marigolds":1,"iceandfire:dragon_skull_lightning":2},"minecraft:picked_up":{"iceandfire:dragon_skull_lightning":3,"minecraft:iron_chestplate":1,"minecraft:wheat":1,"iceandfire:witherbone":2,"minecraft:leather_leggings":2,"minecraft:oak_stairs":1,"minecraft:cornflower":1,"minecraft:string":7,"minecraft:raw_copper":21,"minecraft:red_nether_bricks":1,"minecraft:cracked_stone_bricks":3,"minecraft:gold_nugget":530,"comforts:sleeping_bag_white":3,"minecraft:beef":6,"minecraft:poppy":1,"minecraft:coal_block":3,"minecraft:sugar_cane":13,"iceandfire:dragonscales_red":29,"minecraft:tipped_arrow":4,"unusualprehistory:tar_fossil_item":4,"minecraft:stick":9,"minecraft:raw_iron":11,"iceandfire:dragonbone":19,"minecraft:torch":7,"minecraft:acacia_log":5,"minecraft:porkchop":17,"tombstone:grave_dust":3,"born_in_chaos_v1:black_argillite_brick_stairs":1,"minecraft:quartz_block":5,"minecraft:arrow":16,"minecraft:rotten_flesh":9,"minecraft:nether_bricks":6,"minecraft:hay_block":34,"iceandfire:fire_dragon_heart":1,"tombstone:essence_of_undeath":1,"minecraft:brick_stairs":1,"born_in_chaos_v1:fused_bone":2,"minecraft:mutton":2,"minecraft:cod":1,"minecraft:iron_bars":6,"aquaculture:tin_can":1,"minecraft:white_wool":3,"minecraft:cobblestone":83,"minecraft:birch_log":1,"minecraft:andesite":2,"minecraft:cut_sandstone":1,"minecraft:leather":4,"alexsmobs:acacia_blossom":2,"doggytalents:rice_grains":6,"paraglider:spirit_orb":30,"minecraft:oak_log":11,"minecraft:gunpowder":2,"minecraft:dirt":3,"minecraft:polished_granite":1,"minecraft:leather_boots":1,"born_in_chaos_v1:marigolds":1,"minecraft:bone":23,"farmersdelight:cooking_pot":1,"minecraft:stone_bricks":9,"minecraft:apple":2,"minecraft:bow":3,"minecraft:wheat_seeds":7,"minecraft:mossy_stone_bricks":1,"minecraft:glass_bottle":1,"minecraft:acacia_sapling":1,"minecraft:iron_sword":1,"minecraft:oak_planks":25,"minecraft:book":80,"minecraft:dandelion":1,"minecraft:nether_brick_stairs":4,"minecraft:spider_eye":1,"minecraft:mossy_cobblestone":5,"evilcraft:dark_gem":5,"minecraft:bread":64,"minecraft:oak_sapling":5,"minecraft:bricks":1,"minecraft:coal":19,"minecraft:crimson_roots":1},"minecraft:killed_by":{"iceandfire:fire_dragon":4},"minecraft:broken":{"minecraft:stone_pickaxe":1},"minecraft:killed":{"minecraft:spider":1,"born_in_chaos_v1:siamese_skeletonsright":1,"minecraft:skeleton":8,"minecraft:pig":6,"minecraft:creeper":3,"born_in_chaos_v1:decrepit_skeleton":1,"minecraft:sheep":2,"minecraft:zombie":5,"iceandfire:ghost":1,"minecraft:stray":7,"minecraft:wither_skeleton":2,"born_in_chaos_v1:siamese_skeletonsleft":1,"minecraft:cow":4},"minecraft:mined":{"minecraft:mossy_cobblestone":4,"minecraft:red_nether_bricks":1,"minecraft:nether_bricks":3,"minecraft:acacia_log":5,"minecraft:grass_block":3,"minecraft:brick_stairs":1,"minecraft:crimson_roots":1,"minecraft:coal_block":3,"minecraft:spawner":20,"minecraft:hay_block":34,"minecraft:iron_ore":11,"born_in_chaos_v1:black_argillite_brick_stairs":1,"minecraft:andesite":2,"evilcraft:dark_ore":1,"minecraft:nether_brick_stairs":3,"minecraft:bookshelf":26,"iceandfire:gold_pile":57,"minecraft:vine":1,"minecraft:iron_bars":4,"minecraft:stone":78,"farmersdelight:cooking_pot":1,"minecraft:cut_sandstone":1,"minecraft:acacia_leaves":1,"minecraft:glass_pane":2,"minecraft:quartz_block":2,"minecraft:polished_granite":2,"minecraft:torch":3,"minecraft:dead_bush":8,"minecraft:tall_grass":3,"minecraft:copper_ore":7,"minecraft:cobblestone":8,"born_in_chaos_v1:chipped_black_argillite_brick":1,"minecraft:sugar_cane":4,"minecraft:oak_planks":22,"minecraft:bricks":1,"minecraft:wall_torch":3,"minecraft:dark_oak_slab":1,"minecraft:wheat":1,"unusualprehistory:tar":9,"minecraft:grass":20,"minecraft:oak_log":4,"minecraft:coal_ore":19,"minecraft:sand":1,"minecraft:cobweb":4,"minecraft:cracked_stone_bricks":3,"minecraft:stone_bricks":9,"minecraft:mossy_stone_bricks":1,"unusualprehistory:splattered_tar":1},"minecraft:custom":{"minecraft:mob_kills":42,"minecraft:interact_with_crafting_table":20,"minecraft:open_barrel":7,"minecraft:leave_game":5,"minecraft:time_since_death":19163,"minecraft:climb_one_cm":896,"minecraft:sprint_one_cm":328656,"minecraft:walk_one_cm":327102,"minecraft:drop":65,"minecraft:play_time":118252,"minecraft:sneak_time":10071,"minecraft:deaths":16,"minecraft:walk_under_water_one_cm":8552,"minecraft:jump":2215,"minecraft:walk_on_water_one_cm":13668,"minecraft:total_world_time":118252,"minecraft:interact_with_furnace":25,"minecraft:sleep_in_bed":3,"minecraft:time_since_rest":16938,"minecraft:damage_taken":7523,"minecraft:damage_dealt":9545,"minecraft:player_kills":1,"minecraft:swim_one_cm":65392,"minecraft:fly_one_cm":380750,"minecraft:open_chest":56,"minecraft:crouch_one_cm":26617,"tombstone:undead_killed":26,"minecraft:interact_with_smoker":1,"minecraft:fish_caught":1,"minecraft:fall_one_cm":62716},"minecraft:crafted":{"minecraft:oak_planks":44,"comforts:sleeping_bag_white":1,"minecraft:furnace":1,"quark:acacia_chest":1,"sophisticatedbackpacks:copper_backpack":1,"iceandfire:armor_red_leggings":1,"minecraft:stone_pickaxe":1,"iceandfire:armor_red_boots":1,"sophisticatedbackpacks:iron_backpack":1,"minecraft:wheat":306,"minecraft:cooked_beef":3,"sophisticatedbackpacks:backpack":1,"minecraft:cooked_porkchop":15,"minecraft:crafting_table":3,"minecraft:wooden_pickaxe":1,"iceandfire:armor_red_chestplate":1,"minecraft:copper_ingot":8,"sophisticatedbackpacks:gold_backpack":1,"minecraft:bucket":1,"minecraft:stone_axe":1,"minecraft:bread":105,"minecraft:air":0,"iceandfire:armor_red_helmet":1,"minecraft:stick":8,"minecraft:iron_ingot":11,"minecraft:iron_pickaxe":1,"minecraft:stone_sword":1,"minecraft:gold_ingot":58,"minecraft:acacia_planks":20,"minecraft:torch":4}},"DataVersion":3465}