{"stats":{"minecraft:custom":{"minecraft:mob_kills":91,"minecraft:interact_with_crafting_table":21,"minecraft:open_barrel":13,"minecraft:damage_dealt_resisted":353,"minecraft:leave_game":7,"minecraft:time_since_death":66244,"minecraft:climb_one_cm":896,"minecraft:sprint_one_cm":452852,"minecraft:walk_one_cm":457247,"minecraft:drop":95,"minecraft:play_time":165333,"minecraft:sneak_time":14896,"minecraft:deaths":16,"minecraft:walk_under_water_one_cm":10137,"minecraft:jump":3427,"minecraft:interact_with_blast_furnace":1,"minecraft:walk_on_water_one_cm":16800,"minecraft:total_world_time":165333,"minecraft:interact_with_furnace":26,"minecraft:interact_with_loom":1,"minecraft:sleep_in_bed":3,"minecraft:time_since_rest":64019,"minecraft:damage_taken":8824,"minecraft:trigger_trapped_chest":1,"minecraft:damage_dealt":18281,"minecraft:player_kills":1,"minecraft:swim_one_cm":68178,"minecraft:fly_one_cm":574529,"minecraft:open_chest":59,"minecraft:crouch_one_cm":39325,"tombstone:undead_killed":58,"minecraft:fish_caught":1,"minecraft:interact_with_smoker":1,"minecraft:fall_one_cm":98500},"minecraft:mined":{"minecraft:large_amethyst_bud":1,"alexscaves:spelunkery_table":1,"unusualprehistory:permafrost":4,"minecraft:mossy_cobblestone":4,"minecraft:deepslate_diamond_ore":15,"minecraft:red_nether_bricks":1,"minecraft:nether_bricks":5,"minecraft:acacia_log":5,"minecraft:grass_block":3,"born_in_chaos_v1:black_argillite":8,"unusualprehistory:plant_fossil":1,"minecraft:crimson_roots":1,"minecraft:brick_stairs":1,"minecraft:coal_block":3,"minecraft:potted_bamboo":1,"minecraft:spawner":22,"minecraft:hay_block":34,"minecraft:raw_iron_block":1,"minecraft:iron_ore":20,"minecraft:cobbled_deepslate":4,"born_in_chaos_v1:black_argillite_brick_stairs":1,"minecraft:andesite":26,"evilcraft:dark_ore":1,"minecraft:deepslate_lapis_ore":4,"minecraft:nether_brick_stairs":6,"minecraft:bookshelf":26,"iceandfire:gold_pile":57,"minecraft:deepslate_iron_ore":24,"minecraft:vine":1,"minecraft:iron_bars":6,"minecraft:stone":132,"farmersdelight:cooking_pot":1,"minecraft:deepslate_redstone_ore":5,"minecraft:cut_sandstone":1,"minecraft:acacia_leaves":1,"minecraft:glass_pane":2,"minecraft:quartz_block":2,"minecraft:amethyst_cluster":1,"minecraft:polished_granite":2,"minecraft:torch":6,"minecraft:emerald_ore":1,"minecraft:blast_furnace":1,"minecraft:dead_bush":8,"minecraft:copper_ore":8,"minecraft:tall_grass":3,"minecraft:cobblestone":11,"born_in_chaos_v1:chipped_black_argillite_brick":1,"minecraft:oak_planks":22,"minecraft:lapis_ore":1,"minecraft:sugar_cane":4,"minecraft:bricks":1,"minecraft:wall_torch":5,"minecraft:diorite":13,"minecraft:dark_oak_slab":1,"evilcraft:dark_ore_deepslate":7,"minecraft:wheat":1,"minecraft:tnt":1,"unusualprehistory:tar":9,"minecraft:grass":20,"minecraft:coal_ore":19,"minecraft:oak_log":4,"minecraft:sand":1,"minecraft:cobweb":4,"minecraft:cracked_stone_bricks":3,"minecraft:stone_bricks":9,"unusualprehistory:splattered_tar":1,"minecraft:mossy_stone_bricks":1,"minecraft:deepslate":59},"minecraft:killed":{"born_in_chaos_v1:zombie_clown":1,"minecraft:spider":3,"born_in_chaos_v1:siamese_skeletonsright":1,"born_in_chaos_v1:zombie_bruiser":1,"born_in_chaos_v1:maggot":6,"minecraft:skeleton":19,"artifacts:mimic":2,"born_in_chaos_v1:bonescaller":2,"minecraft:pig":6,"quark:stoneling":1,"born_in_chaos_v1:baby_skeleton":2,"minecraft:creeper":3,"born_in_chaos_v1:decrepit_skeleton":2,"minecraft:sheep":2,"born_in_chaos_v1:bloody_gadfly":1,"minecraft:zombie":19,"iceandfire:ghost":1,"born_in_chaos_v1:corpse_fly":3,"minecraft:stray":7,"minecraft:wither_skeleton":2,"born_in_chaos_v1:siamese_skeletonsleft":1,"minecraft:cow":4},"minecraft:picked_up":{"quark:diamond_heart":1,"iceandfire:dragon_skull_lightning":3,"minecraft:iron_chestplate":1,"minecraft:wheat":1,"iceandfire:witherbone":2,"minecraft:prismarine_shard":3,"born_in_chaos_v1:seedof_chaos":1,"minecraft:leather_leggings":2,"minecraft:oak_stairs":1,"born_in_chaos_v1:black_argillite":8,"minecraft:cornflower":1,"minecraft:string":8,"minecraft:raw_copper":24,"minecraft:red_nether_bricks":1,"born_in_chaos_v1:intoxicating_decoction":1,"minecraft:cracked_stone_bricks":3,"minecraft:gold_nugget":530,"minecraft:cobbled_deepslate":64,"comforts:sleeping_bag_white":3,"artifacts:aqua_dashers":1,"minecraft:beef":6,"unusualprehistory:plant_fossil_item":1,"minecraft:poppy":1,"minecraft:coal_block":3,"minecraft:sugar_cane":13,"iceandfire:dragonscales_red":29,"minecraft:tipped_arrow":4,"minecraft:raw_iron":44,"unusualprehistory:tar_fossil_item":4,"minecraft:stick":9,"iceandfire:dragonbone":19,"minecraft:torch":11,"minecraft:acacia_log":5,"minecraft:porkchop":17,"tombstone:grave_dust":11,"minecraft:diorite":13,"born_in_chaos_v1:pieceofdarkmetal":2,"born_in_chaos_v1:black_argillite_brick_stairs":1,"minecraft:redstone":12,"minecraft:tnt":1,"minecraft:quartz_block":5,"minecraft:tube_coral":1,"minecraft:arrow":24,"minecraft:rotten_flesh":22,"minecraft:nether_bricks":8,"minecraft:hay_block":34,"alexscaves:spelunkery_table":1,"iceandfire:fire_dragon_heart":1,"tombstone:essence_of_undeath":1,"minecraft:brick_stairs":1,"aquaculture:tin_can":1,"minecraft:mutton":2,"minecraft:iron_bars":14,"minecraft:cod":1,"minecraft:white_wool":3,"minecraft:cobblestone":140,"born_in_chaos_v1:fused_bone":2,"minecraft:birch_log":1,"born_in_chaos_v1:corpse_maggot":2,"born_in_chaos_v1:spiritual_dust":2,"minecraft:andesite":26,"minecraft:leather":4,"minecraft:cut_sandstone":1,"alexsmobs:acacia_blossom":2,"minecraft:potato":1,"doggytalents:rice_grains":6,"paraglider:spirit_orb":32,"minecraft:oak_log":11,"minecraft:gunpowder":2,"minecraft:lapis_lazuli":28,"minecraft:dirt":3,"minecraft:polished_granite":1,"born_in_chaos_v1:marigolds":1,"minecraft:leather_boots":1,"minecraft:bone":32,"minecraft:apple":2,"minecraft:stone_bricks":9,"farmersdelight:cooking_pot":1,"minecraft:kelp":3,"minecraft:bow":3,"unusualprehistory:permafrost":4,"minecraft:wheat_seeds":7,"minecraft:mossy_stone_bricks":1,"minecraft:glass_bottle":1,"minecraft:oak_planks":25,"minecraft:iron_sword":1,"minecraft:acacia_sapling":1,"minecraft:book":80,"artifacts:rooted_boots":1,"minecraft:dandelion":1,"minecraft:raw_iron_block":1,"minecraft:amethyst_shard":4,"minecraft:nether_brick_stairs":11,"minecraft:blast_furnace":1,"minecraft:spider_eye":1,"minecraft:mossy_cobblestone":5,"minecraft:bundle":3,"minecraft:diamond":15,"evilcraft:dark_gem":35,"minecraft:emerald":1,"minecraft:bread":64,"minecraft:oak_sapling":5,"minecraft:bricks":1,"minecraft:coal":40,"minecraft:crimson_roots":1},"minecraft:crafted":{"minecraft:oak_planks":44,"minecraft:raw_iron":9,"comforts:sleeping_bag_white":1,"minecraft:furnace":1,"quark:acacia_chest":1,"sophisticatedbackpacks:copper_backpack":1,"iceandfire:armor_red_leggings":1,"minecraft:stone_pickaxe":1,"iceandfire:armor_red_boots":1,"sophisticatedbackpacks:iron_backpack":1,"minecraft:wheat":306,"minecraft:cooked_beef":3,"sophisticatedbackpacks:backpack":1,"minecraft:cooked_porkchop":15,"minecraft:crafting_table":4,"minecraft:wooden_pickaxe":1,"iceandfire:armor_red_chestplate":1,"minecraft:copper_ingot":8,"sophisticatedbackpacks:gold_backpack":1,"minecraft:bucket":1,"minecraft:stone_axe":1,"minecraft:bread":105,"minecraft:air":0,"iceandfire:armor_red_helmet":1,"minecraft:stick":8,"minecraft:iron_ingot":11,"minecraft:iron_pickaxe":2,"minecraft:stone_sword":1,"minecraft:gold_ingot":58,"minecraft:acacia_planks":20,"minecraft:torch":24},"minecraft:killed_by":{"iceandfire:fire_dragon":4},"minecraft:broken":{"minecraft:stone_pickaxe":1,"minecraft:iron_pickaxe":1},"minecraft:used":{"minecraft:stone_sword":69,"minecraft:iron_bars":2,"minecraft:iron_sword":372,"minecraft:torch":47,"minecraft:dirt":3,"minecraft:nether_bricks":5,"minecraft:acacia_sapling":1,"minecraft:nether_brick_stairs":1,"minecraft:brick_stairs":1,"minecraft:oak_stairs":1,"minecraft:crimson_roots":1,"minecraft:stone_bricks":6,"minecraft:bow":8,"minecraft:furnace":1,"farmersdelight:cooking_pot":1,"tombstone:gift":5,"comforts:sleeping_bag_white":3,"minecraft:cooked_beef":6,"minecraft:cobbled_deepslate":16,"minecraft:water_bucket":8,"minecraft:stone_pickaxe":133,"minecraft:wooden_pickaxe":17,"born_in_chaos_v1:black_argillite_brick_stairs":1,"minecraft:crafting_table":4,"minecraft:apple":3,"minecraft:bread":48,"minecraft:iron_pickaxe":352,"tombstone:grave_key":2,"minecraft:stone_axe":64,"minecraft:fishing_rod":2,"minecraft:cobblestone":91,"minecraft:cooked_porkchop":15,"minecraft:andesite":2,"minecraft:bucket":9,"alexsmobs:animal_dictionary":1},"minecraft:dropped":{"minecraft:nether_brick_stairs":8,"minecraft:enchanted_book":2,"minecraft:bread":64,"minecraft:iron_sword":1,"minecraft:wheat_seeds":5,"minecraft:oak_log":2,"aquaculture:tin_can":1,"minecraft:mossy_cobblestone":1,"minecraft:iron_helmet":2,"minecraft:cobblestone":33,"minecraft:book":5,"minecraft:leather_helmet":1,"mca:book_romance":1,"born_in_chaos_v1:black_argillite":8,"minecraft:diorite":13,"minecraft:mutton":1,"minecraft:cut_sandstone":1,"iceandfire:dragonscales_red":5,"tombstone:grave_dust":1,"minecraft:gold_nugget":8,"minecraft:tube_coral":1,"minecraft:birch_log":1,"minecraft:acacia_planks":1,"minecraft:bone":1,"minecraft:kelp":3,"alexsmobs:acacia_blossom":2,"alexsmobs:animal_dictionary":1,"minecraft:stone_sword":1,"minecraft:cobbled_deepslate":26,"minecraft:raw_copper":11,"minecraft:rotten_flesh":18,"minecraft:oak_planks":10,"minecraft:nether_bricks":2,"evilcraft:flesh_humanoid":4,"minecraft:poppy":1,"minecraft:potato":1,"minecraft:bundle":3,"minecraft:iron_chestplate":1,"minecraft:quartz_block":3,"minecraft:andesite":24,"born_in_chaos_v1:corpse_maggot":2,"minecraft:oak_sapling":12,"minecraft:spider_eye":1,"minecraft:stone_bricks":2,"doggytalents:rice_grains":6,"pfm:furniture_book":1,"minecraft:red_nether_bricks":1,"minecraft:iron_bars":13,"minecraft:arrow":2,"minecraft:bow":1,"minecraft:wooden_pickaxe":1,"born_in_chaos_v1:marigolds":1,"iceandfire:dragon_skull_lightning":2}},"DataVersion":3465}