{"stats":{"minecraft:used":{"minecraft:stone_sword":49,"minecraft:stone_pickaxe":83,"minecraft:wooden_pickaxe":17,"minecraft:dirt":1,"minecraft:crafting_table":1,"minecraft:acacia_sapling":1,"minecraft:oak_stairs":1,"minecraft:stone_axe":31,"minecraft:cobblestone":26,"minecraft:cooked_porkchop":6,"minecraft:andesite":2,"alexsmobs:animal_dictionary":1,"comforts:sleeping_bag_white":1,"minecraft:cooked_beef":3},"minecraft:dropped":{"minecraft:wheat_seeds":5,"alexsmobs:acacia_blossom":2,"minecraft:book":5,"minecraft:poppy":1,"mca:book_romance":1,"minecraft:mutton":1,"minecraft:cut_sandstone":1,"minecraft:oak_sapling":1,"doggytalents:rice_grains":5,"pfm:furniture_book":1,"minecraft:wooden_pickaxe":1,"iceandfire:dragon_skull_lightning":2},"minecraft:picked_up":{"iceandfire:dragon_skull_lightning":3,"minecraft:iron_chestplate":1,"minecraft:wheat":1,"minecraft:andesite":2,"minecraft:cut_sandstone":1,"minecraft:leather":3,"alexsmobs:acacia_blossom":2,"minecraft:oak_stairs":1,"doggytalents:rice_grains":5,"minecraft:cornflower":1,"minecraft:dirt":1,"minecraft:string":4,"minecraft:raw_copper":21,"minecraft:wheat_seeds":7,"comforts:sleeping_bag_white":1,"minecraft:beef":6,"minecraft:poppy":1,"minecraft:sugar_cane":3,"minecraft:acacia_sapling":1,"minecraft:book":68,"minecraft:stick":5,"unusualprehistory:tar_fossil_item":4,"minecraft:raw_iron":11,"iceandfire:dragonbone":17,"minecraft:acacia_log":5,"minecraft:dandelion":1,"minecraft:porkchop":17,"evilcraft:dark_gem":5,"minecraft:hay_block":24,"minecraft:oak_sapling":1,"minecraft:mutton":2,"minecraft:coal":19,"minecraft:white_wool":3,"minecraft:cobblestone":53},"minecraft:killed":{"minecraft:pig":6,"minecraft:spider":1,"minecraft:sheep":2,"iceandfire:ghost":1,"minecraft:cow":4},"minecraft:mined":{"minecraft:cut_sandstone":1,"minecraft:acacia_leaves":1,"minecraft:glass_pane":2,"minecraft:polished_granite":1,"minecraft:acacia_log":5,"minecraft:grass_block":1,"minecraft:dead_bush":8,"minecraft:copper_ore":7,"minecraft:tall_grass":3,"minecraft:sugar_cane":1,"minecraft:hay_block":24,"minecraft:iron_ore":11,"minecraft:wheat":1,"minecraft:andesite":2,"unusualprehistory:tar":9,"evilcraft:dark_ore":1,"minecraft:grass":20,"minecraft:bookshelf":22,"minecraft:coal_ore":19,"minecraft:vine":1,"minecraft:sand":1,"minecraft:cobweb":3,"minecraft:stone":56,"unusualprehistory:splattered_tar":1},"minecraft:custom":{"minecraft:interact_with_furnace":13,"minecraft:mob_kills":14,"minecraft:interact_with_crafting_table":10,"minecraft:leave_game":1,"minecraft:time_since_death":39156,"minecraft:sleep_in_bed":1,"minecraft:time_since_rest":16620,"minecraft:sprint_one_cm":100967,"minecraft:damage_taken":633,"minecraft:walk_one_cm":98693,"minecraft:drop":26,"minecraft:damage_dealt":2136,"minecraft:swim_one_cm":24752,"minecraft:fly_one_cm":163559,"minecraft:open_chest":9,"minecraft:crouch_one_cm":12055,"tombstone:undead_killed":1,"minecraft:play_time":39156,"minecraft:sneak_time":4747,"minecraft:walk_under_water_one_cm":5108,"minecraft:jump":937,"minecraft:walk_on_water_one_cm":2168,"minecraft:total_world_time":39156,"minecraft:fall_one_cm":26265},"minecraft:crafted":{"minecraft:cooked_beef":3,"minecraft:cooked_porkchop":15,"minecraft:crafting_table":1,"comforts:sleeping_bag_white":1,"minecraft:wooden_pickaxe":1,"minecraft:stone_axe":1,"minecraft:bread":72,"minecraft:air":0,"minecraft:stick":8,"minecraft:stone_pickaxe":1,"minecraft:stone_sword":1,"minecraft:acacia_planks":20,"minecraft:wheat":216}},"DataVersion":3465}