{"stats":{"minecraft:used":{"minecraft:wooden_pickaxe":17},"minecraft:dropped":{"doggytalents:rice_grains":1,"minecraft:wooden_pickaxe":1},"minecraft:picked_up":{"minecraft:acacia_log":5,"doggytalents:rice_grains":1,"minecraft:cobblestone":15},"minecraft:mined":{"minecraft:grass":2,"minecraft:acacia_log":5,"minecraft:acacia_leaves":1,"minecraft:stone":17},"minecraft:custom":{"minecraft:time_since_rest":3958,"minecraft:crouch_one_cm":2500,"minecraft:play_time":3958,"minecraft:sprint_one_cm":1110,"minecraft:damage_taken":90,"minecraft:walk_one_cm":1549,"minecraft:sneak_time":871,"minecraft:drop":2,"minecraft:jump":8,"minecraft:time_since_death":3958,"minecraft:total_world_time":3958,"minecraft:interact_with_crafting_table":3,"minecraft:fall_one_cm":209,"minecraft:fly_one_cm":1403},"minecraft:crafted":{"minecraft:stone_sword":1,"minecraft:acacia_planks":20,"minecraft:stick":8,"minecraft:wooden_pickaxe":1,"minecraft:stone_pickaxe":1}},"DataVersion":3465}