{"stats":{"minecraft:used":{"minecraft:stone_sword":40,"minecraft:stone_pickaxe":42,"minecraft:wooden_pickaxe":17,"minecraft:dirt":1,"minecraft:acacia_sapling":1,"minecraft:stone_axe":25,"minecraft:cooked_porkchop":3,"alexsmobs:animal_dictionary":1,"comforts:sleeping_bag_white":1,"minecraft:cooked_beef":3},"minecraft:dropped":{"minecraft:wheat_seeds":5,"alexsmobs:acacia_blossom":2,"minecraft:poppy":1,"mca:book_romance":1,"minecraft:mutton":1,"minecraft:cut_sandstone":1,"minecraft:oak_sapling":1,"doggytalents:rice_grains":5,"pfm:furniture_book":1,"minecraft:wooden_pickaxe":1},"minecraft:picked_up":{"iceandfire:dragon_skull_lightning":1,"minecraft:iron_chestplate":1,"minecraft:wheat":1,"minecraft:cut_sandstone":1,"minecraft:leather":3,"alexsmobs:acacia_blossom":2,"doggytalents:rice_grains":5,"minecraft:cornflower":1,"minecraft:dirt":1,"minecraft:string":1,"minecraft:raw_copper":21,"minecraft:wheat_seeds":7,"comforts:sleeping_bag_white":1,"minecraft:beef":6,"minecraft:poppy":1,"minecraft:sugar_cane":3,"minecraft:acacia_sapling":1,"minecraft:book":48,"unusualprehistory:tar_fossil_item":4,"minecraft:raw_iron":3,"iceandfire:dragonbone":5,"minecraft:acacia_log":5,"minecraft:dandelion":1,"minecraft:porkchop":17,"evilcraft:dark_gem":5,"minecraft:hay_block":24,"minecraft:oak_sapling":1,"minecraft:mutton":2,"minecraft:coal":19,"minecraft:white_wool":3,"minecraft:cobblestone":23},"minecraft:killed":{"minecraft:pig":6,"minecraft:spider":1,"minecraft:sheep":2,"minecraft:cow":4},"minecraft:mined":{"minecraft:cut_sandstone":1,"minecraft:acacia_leaves":1,"minecraft:glass_pane":2,"minecraft:polished_granite":1,"minecraft:acacia_log":5,"minecraft:grass_block":1,"minecraft:copper_ore":7,"minecraft:tall_grass":3,"minecraft:sugar_cane":1,"minecraft:hay_block":24,"minecraft:iron_ore":3,"minecraft:wheat":1,"unusualprehistory:tar":9,"evilcraft:dark_ore":1,"minecraft:grass":19,"minecraft:bookshelf":16,"minecraft:coal_ore":19,"minecraft:sand":1,"minecraft:stone":26,"unusualprehistory:splattered_tar":1},"minecraft:custom":{"minecraft:interact_with_furnace":13,"minecraft:mob_kills":13,"minecraft:interact_with_crafting_table":9,"minecraft:leave_game":1,"minecraft:time_since_death":27156,"minecraft:sleep_in_bed":1,"minecraft:time_since_rest":4620,"minecraft:sprint_one_cm":59787,"minecraft:damage_taken":503,"minecraft:walk_one_cm":66786,"minecraft:drop":19,"minecraft:damage_dealt":1942,"minecraft:swim_one_cm":15556,"minecraft:fly_one_cm":99596,"minecraft:open_chest":5,"minecraft:crouch_one_cm":9909,"minecraft:play_time":27156,"minecraft:sneak_time":4068,"minecraft:walk_under_water_one_cm":2818,"minecraft:jump":558,"minecraft:walk_on_water_one_cm":1624,"minecraft:total_world_time":27156,"minecraft:fall_one_cm":15194},"minecraft:crafted":{"minecraft:cooked_beef":3,"minecraft:cooked_porkchop":15,"comforts:sleeping_bag_white":1,"minecraft:wooden_pickaxe":1,"minecraft:stone_axe":1,"minecraft:air":0,"minecraft:stick":8,"minecraft:stone_pickaxe":1,"minecraft:stone_sword":1,"minecraft:acacia_planks":20}},"DataVersion":3465}