{"stats":{"minecraft:used":{"minecraft:iron_bars":2,"minecraft:stone_sword":69,"minecraft:iron_sword":93,"minecraft:torch":12,"minecraft:dirt":3,"minecraft:acacia_sapling":1,"minecraft:oak_stairs":1,"minecraft:brick_stairs":1,"minecraft:crimson_roots":1,"minecraft:furnace":1,"farmersdelight:cooking_pot":1,"tombstone:gift":2,"comforts:sleeping_bag_white":3,"minecraft:cooked_beef":3,"minecraft:stone_pickaxe":133,"minecraft:wooden_pickaxe":17,"born_in_chaos_v1:black_argillite_brick_stairs":1,"minecraft:crafting_table":3,"minecraft:apple":3,"minecraft:bread":24,"minecraft:iron_pickaxe":45,"tombstone:grave_key":2,"minecraft:stone_axe":49,"minecraft:fishing_rod":2,"minecraft:cobblestone":52,"minecraft:cooked_porkchop":6,"minecraft:bucket":1,"minecraft:andesite":2,"alexsmobs:animal_dictionary":1},"minecraft:dropped":{"minecraft:bread":64,"minecraft:iron_sword":1,"minecraft:wheat_seeds":5,"minecraft:oak_log":2,"aquaculture:tin_can":1,"minecraft:iron_helmet":1,"minecraft:book":5,"mca:book_romance":1,"minecraft:mutton":1,"minecraft:cut_sandstone":1,"iceandfire:dragonscales_red":5,"minecraft:gold_nugget":8,"minecraft:birch_log":1,"minecraft:acacia_planks":1,"alexsmobs:acacia_blossom":2,"minecraft:stone_sword":1,"alexsmobs:animal_dictionary":1,"minecraft:raw_copper":5,"minecraft:rotten_flesh":5,"minecraft:oak_planks":2,"evilcraft:flesh_humanoid":4,"minecraft:poppy":1,"minecraft:iron_chestplate":1,"minecraft:oak_sapling":12,"doggytalents:rice_grains":6,"minecraft:spider_eye":1,"pfm:furniture_book":1,"minecraft:arrow":2,"minecraft:bow":1,"minecraft:wooden_pickaxe":1,"born_in_chaos_v1:marigolds":1,"iceandfire:dragon_skull_lightning":2},"minecraft:picked_up":{"iceandfire:dragon_skull_lightning":3,"minecraft:iron_chestplate":1,"minecraft:wheat":1,"minecraft:oak_stairs":1,"minecraft:cornflower":1,"minecraft:string":7,"minecraft:raw_copper":21,"minecraft:gold_nugget":530,"comforts:sleeping_bag_white":3,"minecraft:beef":6,"minecraft:poppy":1,"minecraft:sugar_cane":13,"iceandfire:dragonscales_red":29,"unusualprehistory:tar_fossil_item":4,"minecraft:stick":9,"minecraft:raw_iron":11,"iceandfire:dragonbone":19,"minecraft:acacia_log":5,"minecraft:porkchop":17,"born_in_chaos_v1:black_argillite_brick_stairs":1,"minecraft:rotten_flesh":6,"minecraft:arrow":4,"minecraft:hay_block":34,"iceandfire:fire_dragon_heart":1,"minecraft:brick_stairs":1,"minecraft:iron_bars":2,"minecraft:mutton":2,"minecraft:cobblestone":75,"minecraft:cod":1,"aquaculture:tin_can":1,"minecraft:white_wool":3,"minecraft:birch_log":1,"minecraft:andesite":2,"minecraft:cut_sandstone":1,"minecraft:leather":4,"alexsmobs:acacia_blossom":2,"doggytalents:rice_grains":6,"paraglider:spirit_orb":14,"minecraft:oak_log":11,"minecraft:gunpowder":2,"minecraft:dirt":3,"minecraft:polished_granite":1,"born_in_chaos_v1:marigolds":1,"minecraft:bone":8,"farmersdelight:cooking_pot":1,"minecraft:apple":2,"minecraft:bow":1,"minecraft:wheat_seeds":7,"minecraft:acacia_sapling":1,"minecraft:oak_planks":4,"minecraft:iron_sword":1,"minecraft:book":80,"minecraft:dandelion":1,"minecraft:spider_eye":1,"evilcraft:dark_gem":5,"minecraft:bread":64,"minecraft:oak_sapling":5,"minecraft:bricks":1,"minecraft:coal":19,"minecraft:crimson_roots":1},"minecraft:killed_by":{"iceandfire:fire_dragon":4},"minecraft:broken":{"minecraft:stone_pickaxe":1},"minecraft:killed":{"minecraft:spider":1,"minecraft:skeleton":5,"minecraft:pig":6,"minecraft:creeper":3,"born_in_chaos_v1:decrepit_skeleton":1,"minecraft:sheep":2,"minecraft:zombie":2,"iceandfire:ghost":1,"minecraft:cow":4},"minecraft:mined":{"minecraft:acacia_log":5,"minecraft:grass_block":3,"minecraft:brick_stairs":1,"minecraft:crimson_roots":1,"minecraft:spawner":8,"minecraft:hay_block":34,"minecraft:iron_ore":11,"born_in_chaos_v1:black_argillite_brick_stairs":1,"minecraft:andesite":2,"evilcraft:dark_ore":1,"minecraft:bookshelf":26,"iceandfire:gold_pile":57,"minecraft:vine":1,"minecraft:stone":78,"farmersdelight:cooking_pot":1,"minecraft:cut_sandstone":1,"minecraft:acacia_leaves":1,"minecraft:glass_pane":2,"minecraft:polished_granite":2,"minecraft:dead_bush":8,"minecraft:tall_grass":3,"minecraft:copper_ore":7,"minecraft:cobblestone":1,"born_in_chaos_v1:chipped_black_argillite_brick":1,"minecraft:oak_planks":2,"minecraft:sugar_cane":4,"minecraft:bricks":1,"minecraft:wall_torch":1,"minecraft:dark_oak_slab":1,"minecraft:wheat":1,"unusualprehistory:tar":9,"minecraft:grass":20,"minecraft:oak_log":4,"minecraft:coal_ore":19,"minecraft:sand":1,"minecraft:cobweb":4,"unusualprehistory:splattered_tar":1},"minecraft:custom":{"minecraft:mob_kills":25,"minecraft:interact_with_crafting_table":20,"minecraft:open_barrel":7,"minecraft:leave_game":3,"minecraft:time_since_death":23138,"minecraft:climb_one_cm":896,"minecraft:sprint_one_cm":289465,"minecraft:walk_one_cm":257122,"minecraft:drop":56,"minecraft:play_time":96860,"minecraft:deaths":15,"minecraft:sneak_time":6623,"minecraft:walk_under_water_one_cm":8552,"minecraft:jump":2098,"minecraft:walk_on_water_one_cm":13668,"minecraft:total_world_time":96860,"minecraft:interact_with_furnace":25,"minecraft:sleep_in_bed":3,"minecraft:time_since_rest":22906,"minecraft:damage_taken":6346,"minecraft:damage_dealt":6613,"minecraft:swim_one_cm":65392,"minecraft:fly_one_cm":369705,"minecraft:player_kills":1,"minecraft:open_chest":41,"minecraft:crouch_one_cm":15870,"tombstone:undead_killed":9,"minecraft:interact_with_smoker":1,"minecraft:fish_caught":1,"minecraft:fall_one_cm":61851},"minecraft:crafted":{"minecraft:oak_planks":44,"comforts:sleeping_bag_white":1,"minecraft:furnace":1,"quark:acacia_chest":1,"sophisticatedbackpacks:copper_backpack":1,"iceandfire:armor_red_leggings":1,"minecraft:stone_pickaxe":1,"iceandfire:armor_red_boots":1,"sophisticatedbackpacks:iron_backpack":1,"minecraft:wheat":306,"minecraft:cooked_beef":3,"sophisticatedbackpacks:backpack":1,"minecraft:cooked_porkchop":15,"minecraft:crafting_table":3,"minecraft:wooden_pickaxe":1,"iceandfire:armor_red_chestplate":1,"minecraft:copper_ingot":8,"sophisticatedbackpacks:gold_backpack":1,"minecraft:bucket":1,"minecraft:stone_axe":1,"minecraft:bread":105,"minecraft:air":0,"iceandfire:armor_red_helmet":1,"minecraft:stick":8,"minecraft:iron_pickaxe":1,"minecraft:iron_ingot":11,"minecraft:stone_sword":1,"minecraft:gold_ingot":58,"minecraft:acacia_planks":20,"minecraft:torch":4}},"DataVersion":3465}