{"stats":{"minecraft:used":{"minecraft:stone_sword":67,"minecraft:stone_pickaxe":133,"minecraft:wooden_pickaxe":17,"minecraft:iron_sword":55,"minecraft:torch":3,"minecraft:dirt":3,"minecraft:crafting_table":2,"minecraft:acacia_sapling":1,"minecraft:oak_stairs":1,"minecraft:bread":12,"minecraft:iron_pickaxe":18,"tombstone:grave_key":2,"minecraft:fishing_rod":2,"minecraft:stone_axe":38,"minecraft:cobblestone":26,"minecraft:furnace":1,"minecraft:cooked_porkchop":6,"farmersdelight:cooking_pot":1,"minecraft:andesite":2,"alexsmobs:animal_dictionary":1,"minecraft:cooked_beef":3,"comforts:sleeping_bag_white":3},"minecraft:dropped":{"minecraft:bread":64,"minecraft:iron_sword":1,"minecraft:wheat_seeds":5,"alexsmobs:acacia_blossom":2,"aquaculture:tin_can":1,"alexsmobs:animal_dictionary":1,"minecraft:raw_copper":5,"minecraft:rotten_flesh":1,"minecraft:book":5,"minecraft:oak_planks":2,"evilcraft:flesh_humanoid":1,"minecraft:poppy":1,"mca:book_romance":1,"minecraft:mutton":1,"minecraft:cut_sandstone":1,"minecraft:oak_sapling":2,"minecraft:spider_eye":1,"minecraft:gold_nugget":8,"doggytalents:rice_grains":6,"pfm:furniture_book":1,"minecraft:arrow":2,"minecraft:wooden_pickaxe":1,"minecraft:acacia_planks":1,"iceandfire:dragon_skull_lightning":2},"minecraft:picked_up":{"iceandfire:dragon_skull_lightning":3,"minecraft:iron_chestplate":1,"minecraft:wheat":1,"minecraft:andesite":2,"minecraft:leather":4,"minecraft:cut_sandstone":1,"alexsmobs:acacia_blossom":2,"minecraft:oak_stairs":1,"doggytalents:rice_grains":6,"paraglider:spirit_orb":2,"minecraft:oak_log":9,"minecraft:cornflower":1,"minecraft:string":6,"minecraft:dirt":3,"minecraft:raw_copper":21,"born_in_chaos_v1:marigolds":1,"minecraft:bone":7,"minecraft:apple":2,"farmersdelight:cooking_pot":1,"minecraft:wheat_seeds":7,"minecraft:gold_nugget":530,"comforts:sleeping_bag_white":3,"minecraft:beef":6,"minecraft:poppy":1,"minecraft:sugar_cane":3,"minecraft:iron_sword":1,"minecraft:oak_planks":2,"minecraft:acacia_sapling":1,"minecraft:book":68,"minecraft:stick":9,"unusualprehistory:tar_fossil_item":4,"minecraft:raw_iron":11,"iceandfire:dragonbone":17,"minecraft:dandelion":1,"minecraft:acacia_log":5,"minecraft:porkchop":17,"minecraft:spider_eye":1,"minecraft:arrow":2,"minecraft:rotten_flesh":2,"evilcraft:dark_gem":5,"minecraft:hay_block":24,"minecraft:bread":64,"minecraft:oak_sapling":4,"minecraft:coal":19,"aquaculture:tin_can":1,"minecraft:mutton":2,"minecraft:cod":1,"minecraft:white_wool":3,"minecraft:cobblestone":63,"minecraft:birch_log":1},"minecraft:killed_by":{"iceandfire:fire_dragon":3},"minecraft:killed":{"minecraft:pig":6,"minecraft:spider":1,"minecraft:creeper":1,"born_in_chaos_v1:decrepit_skeleton":1,"minecraft:sheep":2,"minecraft:skeleton":2,"iceandfire:ghost":1,"minecraft:cow":4},"minecraft:custom":{"minecraft:interact_with_furnace":25,"minecraft:mob_kills":18,"minecraft:interact_with_crafting_table":15,"minecraft:open_barrel":7,"minecraft:leave_game":3,"minecraft:time_since_death":254,"minecraft:sleep_in_bed":3,"minecraft:climb_one_cm":896,"minecraft:time_since_rest":64,"minecraft:sprint_one_cm":178579,"minecraft:damage_taken":4863,"minecraft:walk_one_cm":188853,"minecraft:drop":42,"minecraft:damage_dealt":4695,"minecraft:play_time":72860,"minecraft:swim_one_cm":38118,"minecraft:fly_one_cm":303191,"minecraft:crouch_one_cm":13077,"minecraft:sneak_time":5356,"minecraft:open_chest":17,"tombstone:undead_killed":4,"minecraft:deaths":13,"minecraft:walk_under_water_one_cm":6241,"minecraft:jump":1737,"minecraft:walk_on_water_one_cm":3702,"minecraft:fish_caught":1,"minecraft:total_world_time":72860,"minecraft:fall_one_cm":51555},"minecraft:broken":{"minecraft:stone_pickaxe":1},"minecraft:mined":{"farmersdelight:cooking_pot":1,"minecraft:cut_sandstone":1,"minecraft:acacia_leaves":1,"minecraft:glass_pane":2,"minecraft:polished_granite":1,"minecraft:acacia_log":5,"minecraft:grass_block":3,"minecraft:dead_bush":8,"minecraft:copper_ore":7,"minecraft:tall_grass":3,"minecraft:sugar_cane":1,"minecraft:spawner":1,"minecraft:hay_block":24,"minecraft:dark_oak_slab":1,"minecraft:iron_ore":11,"minecraft:wheat":1,"minecraft:andesite":2,"unusualprehistory:tar":9,"evilcraft:dark_ore":1,"minecraft:grass":20,"minecraft:bookshelf":22,"minecraft:coal_ore":19,"minecraft:oak_log":4,"iceandfire:gold_pile":57,"minecraft:vine":1,"minecraft:sand":1,"minecraft:cobweb":3,"minecraft:stone":66,"unusualprehistory:splattered_tar":1},"minecraft:crafted":{"minecraft:cooked_beef":3,"minecraft:oak_planks":16,"sophisticatedbackpacks:backpack":1,"minecraft:cooked_porkchop":15,"minecraft:crafting_table":2,"comforts:sleeping_bag_white":1,"minecraft:wooden_pickaxe":1,"minecraft:furnace":1,"minecraft:copper_ingot":8,"minecraft:stone_axe":1,"minecraft:bread":72,"minecraft:air":0,"quark:acacia_chest":1,"sophisticatedbackpacks:copper_backpack":1,"minecraft:stick":8,"minecraft:iron_ingot":11,"minecraft:iron_pickaxe":1,"minecraft:stone_pickaxe":1,"minecraft:stone_sword":1,"minecraft:gold_ingot":58,"minecraft:acacia_planks":20,"minecraft:torch":4,"minecraft:wheat":216,"sophisticatedbackpacks:iron_backpack":1}},"DataVersion":3465}