{"stats":{"minecraft:used":{"minecraft:stone_sword":34,"minecraft:stone_pickaxe":4,"minecraft:wooden_pickaxe":17,"minecraft:stone_axe":9,"minecraft:dirt":1,"minecraft:cooked_porkchop":3,"alexsmobs:animal_dictionary":1,"minecraft:acacia_sapling":1,"minecraft:cooked_beef":1},"minecraft:dropped":{"minecraft:poppy":1,"mca:book_romance":1,"minecraft:wheat_seeds":5,"alexsmobs:acacia_blossom":2,"minecraft:mutton":1,"minecraft:oak_sapling":1,"doggytalents:rice_grains":5,"pfm:furniture_book":1,"minecraft:wooden_pickaxe":1},"minecraft:picked_up":{"unusualprehistory:tar_fossil_item":4,"minecraft:raw_iron":2,"minecraft:wheat":1,"minecraft:leather":3,"alexsmobs:acacia_blossom":2,"minecraft:acacia_log":5,"doggytalents:rice_grains":5,"minecraft:porkchop":17,"minecraft:dirt":1,"minecraft:wheat_seeds":5,"minecraft:beef":6,"minecraft:poppy":1,"minecraft:oak_sapling":1,"minecraft:mutton":2,"minecraft:acacia_sapling":1,"minecraft:white_wool":3,"minecraft:cobblestone":15},"minecraft:mined":{"minecraft:acacia_leaves":1,"minecraft:iron_ore":2,"minecraft:wheat":1,"unusualprehistory:tar":9,"minecraft:grass":11,"minecraft:acacia_log":5,"minecraft:grass_block":1,"minecraft:tall_grass":3,"minecraft:stone":18,"unusualprehistory:splattered_tar":1},"minecraft:killed":{"minecraft:sheep":2,"minecraft:pig":6,"minecraft:cow":4},"minecraft:custom":{"minecraft:time_since_rest":17297,"minecraft:interact_with_furnace":13,"minecraft:sprint_one_cm":38067,"minecraft:damage_taken":285,"minecraft:walk_one_cm":43666,"minecraft:mob_kills":12,"minecraft:drop":18,"minecraft:damage_dealt":1670,"minecraft:interact_with_crafting_table":9,"minecraft:swim_one_cm":4001,"minecraft:fly_one_cm":68186,"minecraft:crouch_one_cm":7430,"minecraft:play_time":17297,"minecraft:sneak_time":2857,"minecraft:walk_under_water_one_cm":343,"minecraft:jump":369,"minecraft:leave_game":1,"minecraft:time_since_death":17297,"minecraft:walk_on_water_one_cm":435,"minecraft:total_world_time":17297,"minecraft:fall_one_cm":9449},"minecraft:crafted":{"minecraft:cooked_beef":3,"minecraft:cooked_porkchop":15,"minecraft:stick":8,"comforts:sleeping_bag_white":1,"minecraft:wooden_pickaxe":1,"minecraft:stone_pickaxe":1,"minecraft:stone_sword":1,"minecraft:acacia_planks":20,"minecraft:stone_axe":1,"minecraft:air":0}},"DataVersion":3465}