{"stats":{"minecraft:broken":{"iceandfire:armor_red_boots":1,"minecraft:stone_pickaxe":1,"iceandfire:armor_red_helmet":1,"minecraft:iron_sword":1,"minecraft:bow":1,"minecraft:iron_pickaxe":2,"iceandfire:armor_red_leggings":1},"minecraft:picked_up":{"quark:diamond_heart":1,"minecraft:iron_chestplate":1,"minecraft:wheat":1,"minecraft:prismarine_shard":3,"minecraft:oak_stairs":1,"luminous_nether:golden_nylium":4,"minecraft:potion":1,"minecraft:amethyst_block":2,"born_in_chaos_v1:black_argillite":10,"minecraft:polished_blackstone_brick_stairs":1,"minecraft:string":8,"minecraft:raw_copper":34,"minecraft:red_nether_bricks":1,"minecraft:experience_bottle":2,"alexsmobs:blood_sac":3,"minecraft:gold_nugget":532,"minecraft:cobbled_deepslate":254,"comforts:sleeping_bag_white":3,"artifacts:aqua_dashers":1,"unusualprehistory:plant_fossil_item":1,"minecraft:coal_block":3,"iceandfire:dragonscales_red":29,"minecraft:tipped_arrow":4,"minecraft:stick":9,"artifacts:universal_attractor":1,"minecraft:torch":17,"minecraft:acacia_log":5,"minecraft:porkchop":18,"tombstone:grave_dust":11,"minecraft:diorite":13,"born_in_chaos_v1:black_argillite_brick_stairs":2,"minecraft:quartz_block":5,"minecraft:rotten_flesh":30,"iceandfire:fire_dragon_heart":1,"minecraft:blaze_rod":2,"minecraft:obsidian":9,"minecraft:cod":1,"minecraft:iron_bars":14,"aquaculture:tin_can":1,"minecraft:cobblestone":236,"minecraft:birch_log":1,"born_in_chaos_v1:spiritual_dust":2,"minecraft:andesite":26,"minecraft:potato":1,"paraglider:spirit_orb":32,"minecraft:flint":2,"minecraft:tuff":8,"minecraft:lapis_lazuli":28,"minecraft:dirt":9,"minecraft:polished_granite":1,"born_in_chaos_v1:marigolds":1,"minecraft:leather_boots":1,"minecraft:bone":50,"minecraft:bow":4,"minecraft:wheat_seeds":7,"minecraft:glowstone_dust":43,"minecraft:mossy_stone_bricks":1,"minecraft:oak_planks":25,"securitycraft:mine":1,"artifacts:rooted_boots":1,"minecraft:nether_brick_stairs":11,"minecraft:mossy_cobblestone":5,"luminous_nether:raw_mushroom_protein":7,"minecraft:bundle":4,"luminous_nether:fungirrack_lamp":1,"luminous_nether:ghostly_essence":1,"born_in_chaos_v1:fire_dust":4,"minecraft:diamond":16,"luminous_nether:bump_pad":1,"minecraft:cracked_polished_blackstone_bricks":13,"minecraft:granite":22,"minecraft:golden_apple":2,"minecraft:emerald":1,"minecraft:bread":78,"minecraft:oak_sapling":5,"minecraft:bricks":1,"minecraft:netherrack":687,"minecraft:crimson_roots":4,"iceandfire:dragon_skull_lightning":3,"iceandfire:witherbone":5,"minecraft:nether_wart":66,"born_in_chaos_v1:seedof_chaos":1,"minecraft:leather_leggings":2,"minecraft:cornflower":1,"born_in_chaos_v1:intoxicating_decoction":1,"minecraft:iron_shovel":1,"minecraft:blackstone":9,"minecraft:cracked_stone_bricks":3,"minecraft:beef":6,"minecraft:poppy":1,"minecraft:sugar_cane":13,"unusualprehistory:tar_fossil_item":4,"minecraft:raw_iron":47,"iceandfire:dragonbone":19,"luminous_nether:mushroom_disc":1,"minecraft:polished_blackstone_bricks":58,"minecraft:cookie":5,"born_in_chaos_v1:pieceofdarkmetal":2,"minecraft:redstone":22,"luminous_nether:golden_stew":1,"minecraft:tnt":1,"minecraft:tube_coral":1,"minecraft:arrow":49,"minecraft:nether_bricks":12,"minecraft:hay_block":34,"alexscaves:spelunkery_table":1,"tombstone:essence_of_undeath":2,"minecraft:gold_ingot":9,"minecraft:brick_stairs":1,"minecraft:mutton":2,"minecraft:white_wool":3,"born_in_chaos_v1:fused_bone":2,"born_in_chaos_v1:corpse_maggot":2,"minecraft:basalt":7,"artifacts:digging_claws":2,"minecraft:cut_sandstone":1,"minecraft:leather":4,"alexsmobs:acacia_blossom":2,"doggytalents:rice_grains":6,"minecraft:crimson_fungus":1,"artifacts:superstitious_hat":1,"minecraft:oak_log":11,"minecraft:chainmail_chestplate":1,"minecraft:gunpowder":2,"chococraft:chocobo_feather":1,"minecraft:apple":2,"minecraft:stone_bricks":9,"farmersdelight:cooking_pot":1,"minecraft:kelp":3,"unusualprehistory:permafrost":4,"tombstone:bag_of_seeds":1,"minecraft:glass_bottle":1,"minecraft:iron_sword":1,"minecraft:acacia_sapling":1,"minecraft:soul_sand":14,"minecraft:book":80,"minecraft:smooth_basalt":1,"minecraft:dandelion":1,"minecraft:raw_iron_block":1,"minecraft:gravel":13,"minecraft:amethyst_shard":16,"minecraft:blast_furnace":3,"minecraft:spider_eye":1,"evilcraft:dark_gem":49,"minecraft:coal":46},"minecraft:crafted":{"securitycraft:mine":42,"minecraft:oak_planks":44,"sophisticatedbackpacks:copper_backpack":1,"sophisticatedbackpacks:backpack":1,"minecraft:cooked_porkchop":15,"minecraft:crafting_table":7,"minecraft:wooden_pickaxe":1,"iceandfire:armor_red_chestplate":1,"minecraft:copper_ingot":8,"minecraft:stick":8,"minecraft:iron_ingot":11,"minecraft:iron_pickaxe":2,"minecraft:stone_sword":1,"minecraft:gold_ingot":76,"minecraft:redstone_torch":1,"minecraft:raw_iron":9,"securitycraft:remote_access_mine":1,"comforts:sleeping_bag_white":1,"minecraft:furnace":1,"quark:acacia_chest":1,"iceandfire:armor_red_leggings":1,"minecraft:stone_pickaxe":1,"iceandfire:armor_red_boots":1,"minecraft:wheat":306,"sophisticatedbackpacks:iron_backpack":1,"minecraft:cooked_beef":3,"iceandfire:dragonbone_sword":1,"minecraft:enchanting_table":1,"sophisticatedbackpacks:gold_backpack":1,"minecraft:bucket":1,"minecraft:stone_axe":1,"minecraft:bread":105,"minecraft:air":0,"iceandfire:armor_red_helmet":1,"minecraft:acacia_planks":20,"minecraft:torch":24},"minecraft:killed_by":{"iceandfire:fire_dragon":4,"alexsmobs:crimson_mosquito":1},"minecraft:custom":{"minecraft:interact_with_crafting_table":29,"minecraft:open_barrel":18,"minecraft:leave_game":8,"minecraft:time_since_death":209,"minecraft:sprint_one_cm":774226,"minecraft:drop":169,"minecraft:play_time":300680,"minecraft:deaths":21,"minecraft:jump":6918,"minecraft:walk_on_water_one_cm":18225,"minecraft:interact_with_furnace":26,"minecraft:interact_with_loom":1,"minecraft:sleep_in_bed":3,"minecraft:damage_dealt":31475,"minecraft:player_kills":1,"minecraft:crouch_one_cm":81882,"tombstone:undead_killed":83,"minecraft:interact_with_smoker":1,"minecraft:mob_kills":149,"minecraft:damage_dealt_resisted":353,"minecraft:climb_one_cm":1019,"minecraft:walk_one_cm":807300,"minecraft:sneak_time":29256,"minecraft:walk_under_water_one_cm":12711,"minecraft:interact_with_blast_furnace":1,"minecraft:total_world_time":300680,"minecraft:time_since_rest":1,"minecraft:damage_taken":15321,"minecraft:trigger_trapped_chest":1,"minecraft:swim_one_cm":69970,"minecraft:fly_one_cm":1088558,"minecraft:open_chest":82,"minecraft:fish_caught":1,"minecraft:fall_one_cm":201189},"minecraft:killed":{"born_in_chaos_v1:zombie_clown":1,"minecraft:spider":3,"born_in_chaos_v1:siamese_skeletonsright":1,"minecraft:skeleton":24,"minecraft:piglin_brute":3,"artifacts:mimic":5,"minecraft:piglin":5,"born_in_chaos_v1:bonescaller":2,"minecraft:pig":6,"quark:stoneling":1,"minecraft:zombie_villager":2,"born_in_chaos_v1:bone_imp":4,"minecraft:creeper":3,"alexsmobs:crimson_mosquito":3,"minecraft:sheep":2,"minecraft:zombie":25,"born_in_chaos_v1:corpse_fly":3,"minecraft:stray":7,"born_in_chaos_v1:siamese_skeletonsleft":1,"minecraft:blaze":4,"minecraft:cow":4,"luminous_nether:cultist_archer":2,"alexsmobs:dropbear":1,"luminous_nether:piglin_ghost":1,"born_in_chaos_v1:zombie_bruiser":1,"born_in_chaos_v1:firelight":3,"born_in_chaos_v1:maggot":8,"luminous_nether:piglin_cultist_leader":1,"mowziesmobs:grottol":1,"born_in_chaos_v1:baby_skeleton":2,"minecraft:hoglin":1,"born_in_chaos_v1:decrepit_skeleton":2,"luminous_nether:mushlin_bumper":6,"born_in_chaos_v1:bloody_gadfly":1,"iceandfire:ghost":1,"minecraft:wither_skeleton":7},"minecraft:used":{"minecraft:iron_sword":443,"minecraft:soul_sand":1,"minecraft:nether_bricks":6,"minecraft:acacia_sapling":1,"minecraft:obsidian":4,"minecraft:crimson_roots":1,"minecraft:stone_bricks":6,"minecraft:bow":35,"minecraft:furnace":1,"minecraft:stone_pickaxe":133,"minecraft:blackstone":8,"minecraft:wooden_pickaxe":17,"luminous_nether:bump_pad":1,"minecraft:cookie":5,"iceandfire:dragonbone_sword":185,"minecraft:bread":129,"tombstone:grave_key":3,"securitycraft:mine":43,"minecraft:andesite":2,"minecraft:iron_bars":2,"minecraft:stone_sword":69,"securitycraft:remote_access_mine":34,"minecraft:netherrack":218,"minecraft:torch":60,"minecraft:dirt":4,"minecraft:nether_brick_stairs":1,"minecraft:oak_stairs":1,"minecraft:brick_stairs":1,"minecraft:polished_blackstone_brick_stairs":1,"minecraft:golden_carrot":5,"luminous_nether:golden_nylium":4,"farmersdelight:cooking_pot":1,"tombstone:gift":7,"comforts:sleeping_bag_white":3,"minecraft:cooked_beef":6,"minecraft:cobbled_deepslate":169,"minecraft:water_bucket":14,"luminous_nether:golden_stew":1,"minecraft:polished_blackstone_bricks":40,"born_in_chaos_v1:black_argillite_brick_stairs":1,"minecraft:crafting_table":7,"minecraft:diamond_pickaxe":857,"minecraft:apple":3,"minecraft:cracked_polished_blackstone_bricks":2,"minecraft:iron_pickaxe":500,"minecraft:stone_axe":64,"minecraft:fishing_rod":2,"minecraft:cobblestone":114,"minecraft:potion":1,"luminous_nether:raw_mushroom_protein":1,"minecraft:cooked_porkchop":17,"minecraft:bucket":14,"alexsmobs:animal_dictionary":1},"minecraft:mined":{"minecraft:large_amethyst_bud":4,"securitycraft:mine":1,"unusualprehistory:permafrost":4,"luminous_nether:golden_nylium":4,"minecraft:red_nether_bricks":1,"minecraft:obsidian":8,"minecraft:granite":22,"minecraft:budding_amethyst":1,"minecraft:acacia_log":5,"minecraft:grass_block":5,"unusualprehistory:plant_fossil":1,"minecraft:cracked_polished_blackstone_bricks":4,"minecraft:coal_block":3,"minecraft:crimson_fungus":1,"minecraft:nether_wart":60,"minecraft:spawner":22,"minecraft:polished_blackstone_bricks":25,"minecraft:weeping_vines_plant":1,"minecraft:raw_iron_block":1,"minecraft:glowstone":18,"minecraft:iron_ore":20,"minecraft:cobbled_deepslate":6,"minecraft:fire":71,"luminous_nether:loot_vase_2":2,"born_in_chaos_v1:black_argillite_brick_stairs":3,"minecraft:deepslate_lapis_ore":4,"minecraft:nether_brick_stairs":6,"iceandfire:gold_pile":57,"minecraft:iron_bars":6,"minecraft:deepslate_redstone_ore":7,"minecraft:cut_sandstone":1,"minecraft:quartz_block":2,"minecraft:blackstone":10,"minecraft:crimson_nylium":22,"minecraft:amethyst_cluster":5,"minecraft:torch":7,"minecraft:blast_furnace":3,"minecraft:calcite":6,"minecraft:dead_bush":8,"minecraft:cobblestone":11,"minecraft:sugar_cane":4,"minecraft:oak_planks":22,"minecraft:bricks":1,"minecraft:wall_torch":8,"minecraft:amethyst_block":9,"minecraft:deepslate_copper_ore":2,"minecraft:dark_oak_slab":1,"evilcraft:dark_ore_deepslate":10,"minecraft:wheat":1,"minecraft:tnt":1,"minecraft:grass":20,"minecraft:oak_log":4,"minecraft:sand":1,"minecraft:dirt":5,"minecraft:smooth_basalt":6,"minecraft:netherrack":513,"minecraft:deepslate":249,"unusualprehistory:splattered_tar":1,"minecraft:oak_leaves":2,"alexscaves:spelunkery_table":1,"minecraft:tuff":8,"minecraft:mossy_cobblestone":4,"minecraft:deepslate_diamond_ore":15,"minecraft:nether_bricks":11,"born_in_chaos_v1:black_argillite":10,"minecraft:crimson_roots":5,"minecraft:brick_stairs":1,"minecraft:potted_bamboo":1,"luminous_nether:loot_vase":2,"minecraft:hay_block":34,"minecraft:andesite":30,"evilcraft:dark_ore":1,"minecraft:bookshelf":26,"minecraft:deepslate_iron_ore":27,"minecraft:vine":1,"minecraft:stone":264,"farmersdelight:cooking_pot":1,"minecraft:acacia_leaves":1,"minecraft:glass_pane":2,"minecraft:soul_sand":10,"minecraft:polished_granite":2,"minecraft:emerald_ore":1,"luminous_nether:loot_vase_3":2,"minecraft:copper_ore":8,"minecraft:tall_grass":3,"born_in_chaos_v1:chipped_black_argillite_brick":1,"minecraft:lapis_ore":1,"minecraft:polished_blackstone_brick_stairs":1,"minecraft:diorite":20,"unusualprehistory:tar":9,"luminous_nether:tall_gold_grass":1,"minecraft:coal_ore":23,"minecraft:gravel":6,"minecraft:cobweb":4,"minecraft:cracked_stone_bricks":3,"minecraft:stone_bricks":9,"minecraft:mossy_stone_bricks":1},"minecraft:dropped":{"minecraft:nether_brick_stairs":8,"minecraft:iron_sword":1,"minecraft:soul_sand":13,"minecraft:oak_log":2,"minecraft:glass_bottle":1,"unusualprehistory:permafrost":4,"minecraft:leather_helmet":1,"minecraft:flint":2,"minecraft:dirt":5,"tombstone:bag_of_seeds":1,"minecraft:mutton":1,"minecraft:crimson_roots":3,"minecraft:cut_sandstone":1,"iceandfire:dragonscales_red":5,"minecraft:gold_nugget":8,"minecraft:polished_blackstone_bricks":18,"minecraft:tube_coral":1,"minecraft:birch_log":1,"minecraft:gold_ingot":17,"artifacts:cowboy_hat":1,"minecraft:bone":14,"minecraft:gravel":13,"minecraft:crimson_fungus":1,"alexsmobs:animal_dictionary":1,"minecraft:cobbled_deepslate":26,"minecraft:rotten_flesh":24,"minecraft:oak_planks":10,"evilcraft:flesh_humanoid":4,"minecraft:chainmail_chestplate":1,"minecraft:poppy":1,"alexsmobs:blood_sac":2,"minecraft:quartz_block":3,"born_in_chaos_v1:corpse_maggot":2,"doggytalents:rice_grains":6,"minecraft:red_nether_bricks":1,"minecraft:iron_bars":13,"minecraft:arrow":30,"born_in_chaos_v1:marigolds":1,"minecraft:netherrack":460,"minecraft:enchanted_book":3,"minecraft:bread":64,"minecraft:wheat_seeds":5,"aquaculture:tin_can":1,"minecraft:mossy_cobblestone":1,"minecraft:iron_helmet":2,"minecraft:cobblestone":53,"minecraft:book":5,"minecraft:amethyst_block":2,"minecraft:granite":22,"mca:book_romance":1,"born_in_chaos_v1:black_argillite":10,"minecraft:diorite":13,"tombstone:grave_dust":1,"minecraft:iron_shovel":1,"minecraft:acacia_planks":1,"artifacts:digging_claws":1,"minecraft:smooth_basalt":1,"minecraft:kelp":3,"born_in_chaos_v1:black_argillite_brick_stairs":1,"alexsmobs:acacia_blossom":2,"minecraft:nether_wart":14,"minecraft:stone_sword":1,"minecraft:raw_copper":21,"minecraft:bowl":1,"minecraft:tuff":8,"minecraft:nether_bricks":5,"minecraft:potato":1,"minecraft:bundle":4,"minecraft:iron_chestplate":1,"minecraft:andesite":24,"minecraft:oak_sapling":12,"minecraft:spider_eye":1,"minecraft:stone_bricks":2,"pfm:furniture_book":1,"minecraft:bow":1,"minecraft:wooden_pickaxe":1,"iceandfire:dragon_skull_lightning":2}},"DataVersion":3465}