{"stats":{"minecraft:used":{"minecraft:stone_axe":11,"minecraft:crafting_table":1,"minecraft:oak_sapling":1,"minecraft:stone_pickaxe":5,"minecraft:wooden_pickaxe":32},"minecraft:dropped":{"doggytalents:rice_grains":2,"minecraft:wooden_pickaxe":1},"minecraft:picked_up":{"minecraft:stick":2,"minecraft:leather":6,"doggytalents:rice_grains":2,"minecraft:beef":7,"minecraft:porkchop":12,"minecraft:oak_log":5,"minecraft:oak_sapling":1,"minecraft:coal":5,"minecraft:cobblestone":34},"minecraft:killed":{"minecraft:pig":5,"minecraft:cow":4},"minecraft:mined":{"minecraft:grass":2,"minecraft:coal_ore":5,"minecraft:oak_log":5,"minecraft:stone":32},"minecraft:custom":{"minecraft:time_since_rest":3957,"minecraft:play_time":3957,"minecraft:sprint_one_cm":9694,"minecraft:walk_one_cm":7484,"minecraft:mob_kills":9,"minecraft:drop":3,"minecraft:jump":56,"minecraft:damage_dealt":990,"minecraft:time_since_death":3957,"minecraft:total_world_time":3957,"minecraft:interact_with_crafting_table":2,"minecraft:fall_one_cm":1463,"minecraft:fly_one_cm":13407},"minecraft:crafted":{"minecraft:stone_sword":1,"minecraft:oak_planks":20,"minecraft:stone_axe":1,"minecraft:crafting_table":1,"minecraft:stick":8,"minecraft:wooden_pickaxe":1,"minecraft:stone_pickaxe":1}},"DataVersion":3465}