{"stats":{"minecraft:used":{"alexsmobs:emu_egg":1,"minecraft:stone_sword":1,"minecraft:iron_shovel":12,"minecraft:stone_pickaxe":60,"minecraft:wooden_pickaxe":32,"minecraft:iron_chestplate":1,"minecraft:crafting_table":2,"minecraft:iron_hoe":16,"minecraft:black_wool":1,"minecraft:item_frame":1,"minecraft:stone_axe":37,"minecraft:oak_sapling":2,"minecraft:furnace":1,"minecraft:cooked_porkchop":8,"comforts:sleeping_bag_white":2,"minecraft:cooked_beef":1,"minecraft:experience_bottle":1},"minecraft:dropped":{"minecraft:wheat_seeds":36,"alexsmobs:acacia_blossom":1,"minecraft:wheat":11,"minecraft:chicken":1,"minecraft:item_frame":5,"minecraft:oxeye_daisy":3,"minecraft:poppy":1,"minecraft:dirt":16,"minecraft:cornflower":1,"minecraft:iron_chestplate":1,"minecraft:rabbit":1,"doggytalents:rice_grains":3,"minecraft:wooden_pickaxe":1,"minecraft:white_wool":1,"minecraft:black_wool":1,"minecraft:dandelion":1},"minecraft:picked_up":{"minecraft:crafting_table":1,"minecraft:wheat":11,"minecraft:chicken":1,"minecraft:leather":6,"minecraft:golden_leggings":1,"alexsmobs:acacia_blossom":1,"doggytalents:rice_grains":3,"minecraft:oak_log":9,"minecraft:cornflower":1,"minecraft:dirt":16,"minecraft:item_frame":6,"minecraft:iron_shovel":1,"minecraft:experience_bottle":1,"minecraft:bow":1,"minecraft:wheat_seeds":36,"minecraft:smooth_stone":12,"comforts:sleeping_bag_white":2,"minecraft:grindstone":1,"minecraft:beef":10,"minecraft:iron_ingot":6,"minecraft:player_head":1,"minecraft:poppy":1,"minecraft:rabbit":1,"minecraft:furnace":1,"minecraft:stick":4,"minecraft:raw_iron":2,"minecraft:dandelion":1,"minecraft:porkchop":18,"minecraft:iron_hoe":1,"minecraft:hay_block":59,"alexsmobs:emu_egg":1,"minecraft:gold_ingot":3,"minecraft:oak_sapling":2,"minecraft:black_wool":2,"minecraft:coal":19,"minecraft:mutton":6,"minecraft:white_wool":4,"minecraft:cobblestone":54,"minecraft:oxeye_daisy":3},"minecraft:killed":{"minecraft:pig":10,"minecraft:sheep":5,"unusualprehistory:sludge":1,"minecraft:cow":4},"minecraft:mined":{"minecraft:glass_pane":2,"minecraft:farmland":3,"minecraft:crafting_table":1,"minecraft:grass_block":3,"minecraft:tall_grass":2,"minecraft:grindstone":1,"minecraft:smooth_stone":13,"minecraft:hay_block":59,"minecraft:furnace":1,"minecraft:iron_ore":2,"unusualprehistory:tar":5,"minecraft:grass":2,"minecraft:black_wool":1,"minecraft:coal_ore":19,"minecraft:oak_log":9,"minecraft:dirt":10,"minecraft:stone":52,"minecraft:player_head":1,"unusualprehistory:splattered_tar":1},"minecraft:custom":{"minecraft:interact_with_furnace":19,"minecraft:mob_kills":20,"minecraft:interact_with_crafting_table":7,"minecraft:time_since_death":27957,"minecraft:sleep_in_bed":2,"minecraft:time_since_rest":4620,"minecraft:sprint_one_cm":101089,"minecraft:damage_taken":732,"minecraft:walk_one_cm":79309,"minecraft:drop":30,"minecraft:damage_dealt":2505,"minecraft:swim_one_cm":5171,"minecraft:talked_to_villager":1,"minecraft:fly_one_cm":137617,"minecraft:open_chest":10,"minecraft:crouch_one_cm":999,"minecraft:play_time":27957,"minecraft:sneak_time":607,"minecraft:walk_under_water_one_cm":843,"minecraft:jump":612,"minecraft:walk_on_water_one_cm":1390,"minecraft:total_world_time":27957,"minecraft:fall_one_cm":24691},"minecraft:crafted":{"minecraft:cooked_beef":1,"minecraft:oak_planks":20,"minecraft:cooked_porkchop":20,"minecraft:crafting_table":2,"comforts:sleeping_bag_white":1,"minecraft:wooden_pickaxe":1,"minecraft:furnace":1,"minecraft:stone_axe":1,"minecraft:air":0,"minecraft:stick":8,"minecraft:stone_pickaxe":1,"minecraft:stone_sword":1}},"DataVersion":3465}