{"stats":{"minecraft:used":{"alexsmobs:emu_egg":1,"minecraft:black_wool":1,"minecraft:stone_pickaxe":29,"minecraft:wooden_pickaxe":32,"minecraft:stone_axe":37,"minecraft:crafting_table":2,"minecraft:furnace":1,"minecraft:oak_sapling":2,"minecraft:cooked_porkchop":5,"comforts:sleeping_bag_white":1},"minecraft:dropped":{"minecraft:wheat_seeds":1,"alexsmobs:acacia_blossom":1,"doggytalents:rice_grains":2,"minecraft:wooden_pickaxe":1,"minecraft:white_wool":1},"minecraft:picked_up":{"minecraft:stick":4,"minecraft:crafting_table":1,"minecraft:leather":6,"alexsmobs:acacia_blossom":1,"doggytalents:rice_grains":2,"minecraft:porkchop":18,"minecraft:oak_log":9,"minecraft:dirt":4,"minecraft:wheat_seeds":1,"comforts:sleeping_bag_white":1,"minecraft:hay_block":7,"minecraft:beef":10,"alexsmobs:emu_egg":1,"minecraft:oak_sapling":2,"minecraft:black_wool":2,"minecraft:mutton":5,"minecraft:coal":5,"minecraft:white_wool":4,"minecraft:cobblestone":53,"minecraft:furnace":1},"minecraft:killed":{"minecraft:sheep":5,"minecraft:pig":10,"unusualprehistory:sludge":1,"minecraft:cow":4},"minecraft:mined":{"minecraft:hay_block":7,"minecraft:furnace":1,"unusualprehistory:tar":5,"minecraft:crafting_table":1,"minecraft:black_wool":1,"minecraft:grass":2,"minecraft:grass_block":3,"minecraft:oak_log":9,"minecraft:coal_ore":5,"minecraft:dirt":1,"minecraft:tall_grass":2,"minecraft:stone":51,"unusualprehistory:splattered_tar":1},"minecraft:custom":{"minecraft:time_since_rest":6520,"minecraft:interact_with_furnace":19,"minecraft:sprint_one_cm":44168,"minecraft:damage_taken":485,"minecraft:walk_one_cm":31509,"minecraft:mob_kills":20,"minecraft:drop":6,"minecraft:damage_dealt":2462,"minecraft:swim_one_cm":5171,"minecraft:interact_with_crafting_table":7,"minecraft:fly_one_cm":90273,"minecraft:crouch_one_cm":446,"minecraft:play_time":15957,"minecraft:sneak_time":362,"minecraft:walk_under_water_one_cm":492,"minecraft:jump":387,"minecraft:time_since_death":15957,"minecraft:walk_on_water_one_cm":92,"minecraft:sleep_in_bed":1,"minecraft:total_world_time":15957,"minecraft:fall_one_cm":14849},"minecraft:crafted":{"minecraft:cooked_beef":1,"minecraft:oak_planks":20,"minecraft:cooked_porkchop":20,"minecraft:crafting_table":2,"minecraft:stick":8,"comforts:sleeping_bag_white":1,"minecraft:wooden_pickaxe":1,"minecraft:stone_pickaxe":1,"minecraft:stone_sword":1,"minecraft:furnace":1,"minecraft:stone_axe":1,"minecraft:air":0}},"DataVersion":3465}