{"stats":{"minecraft:used":{"alexsmobs:emu_egg":1,"minecraft:stone_sword":13,"minecraft:iron_shovel":12,"minecraft:stone_pickaxe":67,"minecraft:wooden_pickaxe":32,"minecraft:iron_chestplate":1,"minecraft:dirt":1,"minecraft:crafting_table":3,"minecraft:iron_hoe":16,"minecraft:black_wool":1,"minecraft:item_frame":1,"minecraft:stone_axe":39,"minecraft:cobblestone":38,"minecraft:oak_sapling":2,"minecraft:furnace":1,"minecraft:cooked_porkchop":15,"comforts:sleeping_bag_white":3,"minecraft:cooked_beef":1,"minecraft:experience_bottle":1},"minecraft:dropped":{"minecraft:wheat_seeds":37,"alexsmobs:acacia_blossom":1,"minecraft:wheat":11,"minecraft:chicken":1,"minecraft:book":1,"minecraft:item_frame":5,"minecraft:oxeye_daisy":3,"minecraft:poppy":1,"minecraft:dirt":16,"minecraft:cornflower":1,"minecraft:iron_chestplate":1,"minecraft:rabbit":1,"minecraft:oak_stairs":1,"doggytalents:rice_grains":3,"minecraft:wooden_pickaxe":1,"minecraft:white_wool":1,"minecraft:black_wool":1,"minecraft:dandelion":1},"minecraft:picked_up":{"minecraft:crafting_table":1,"minecraft:wheat":12,"minecraft:chicken":1,"minecraft:leather":6,"minecraft:golden_leggings":1,"alexsmobs:acacia_blossom":1,"minecraft:oak_stairs":1,"doggytalents:rice_grains":3,"minecraft:oak_log":9,"minecraft:cornflower":1,"minecraft:string":3,"minecraft:dirt":17,"minecraft:item_frame":6,"minecraft:iron_shovel":1,"minecraft:experience_bottle":1,"minecraft:bow":1,"minecraft:wheat_seeds":37,"minecraft:smooth_stone":12,"comforts:sleeping_bag_white":3,"minecraft:grindstone":1,"minecraft:beef":10,"minecraft:iron_ingot":6,"minecraft:player_head":1,"minecraft:poppy":1,"minecraft:rabbit":1,"minecraft:oak_planks":1,"minecraft:book":1,"minecraft:furnace":1,"minecraft:stick":4,"minecraft:raw_iron":2,"iceandfire:dragonbone":4,"minecraft:dandelion":1,"minecraft:porkchop":18,"minecraft:iron_hoe":1,"minecraft:hay_block":59,"alexsmobs:emu_egg":1,"minecraft:gold_ingot":3,"minecraft:oak_sapling":2,"minecraft:black_wool":2,"minecraft:coal":26,"minecraft:mutton":6,"minecraft:white_wool":4,"minecraft:cobblestone":54,"minecraft:oxeye_daisy":3},"minecraft:killed":{"minecraft:pig":10,"minecraft:sheep":5,"unusualprehistory:sludge":1,"minecraft:cow":4},"minecraft:mined":{"minecraft:glass_pane":2,"minecraft:farmland":3,"minecraft:crafting_table":1,"minecraft:grass_block":4,"minecraft:dead_bush":1,"minecraft:tall_grass":2,"minecraft:grindstone":1,"minecraft:oak_planks":1,"minecraft:smooth_stone":13,"minecraft:hay_block":59,"minecraft:furnace":1,"minecraft:iron_ore":2,"unusualprehistory:tar":5,"minecraft:grass":2,"minecraft:black_wool":1,"minecraft:coal_ore":26,"minecraft:oak_log":9,"minecraft:vine":3,"minecraft:oak_stairs":1,"minecraft:dirt":10,"minecraft:cobweb":3,"minecraft:stone":52,"minecraft:player_head":1,"unusualprehistory:splattered_tar":1},"minecraft:custom":{"minecraft:interact_with_furnace":19,"minecraft:mob_kills":20,"minecraft:interact_with_crafting_table":8,"minecraft:time_since_death":39957,"minecraft:sleep_in_bed":3,"minecraft:climb_one_cm":897,"minecraft:time_since_rest":2580,"minecraft:sprint_one_cm":146873,"minecraft:damage_taken":1411,"minecraft:walk_one_cm":111027,"minecraft:trigger_trapped_chest":1,"minecraft:drop":33,"minecraft:damage_dealt":2613,"minecraft:swim_one_cm":14920,"minecraft:talked_to_villager":1,"minecraft:fly_one_cm":203378,"minecraft:open_chest":17,"minecraft:crouch_one_cm":1314,"minecraft:play_time":39957,"minecraft:sneak_time":1011,"minecraft:walk_under_water_one_cm":2038,"minecraft:jump":946,"minecraft:walk_on_water_one_cm":1480,"minecraft:total_world_time":39957,"minecraft:fall_one_cm":38624},"minecraft:crafted":{"minecraft:cooked_beef":1,"minecraft:oak_planks":20,"minecraft:cooked_porkchop":20,"minecraft:crafting_table":2,"comforts:sleeping_bag_white":1,"minecraft:wooden_pickaxe":1,"minecraft:furnace":1,"minecraft:stone_axe":1,"minecraft:air":0,"minecraft:stick":8,"minecraft:stone_pickaxe":1,"minecraft:stone_sword":1}},"DataVersion":3465}