{"stats":{"minecraft:used":{"alexsmobs:emu_egg":1,"minecraft:iron_bars":6,"minecraft:red_sand":1,"minecraft:stone_sword":114,"minecraft:iron_shovel":40,"minecraft:iron_sword":51,"minecraft:iron_chestplate":1,"minecraft:torch":15,"minecraft:dirt":21,"minecraft:obsidian":1,"minecraft:iron_hoe":32,"minecraft:iron_axe":2,"minecraft:stone_bricks":3,"minecraft:item_frame":1,"minecraft:bow":14,"minecraft:furnace":1,"minecraft:oak_sapling":2,"tombstone:gift":4,"comforts:sleeping_bag_white":4,"minecraft:cooked_beef":1,"minecraft:cooked_mutton":6,"minecraft:stone_pickaxe":131,"minecraft:oak_planks":6,"minecraft:wooden_pickaxe":32,"minecraft:crafting_table":4,"minecraft:black_wool":1,"minecraft:bread":37,"minecraft:iron_pickaxe":88,"tombstone:grave_key":3,"minecraft:stone_axe":56,"unusualprehistory:petrified_wood_log":1,"minecraft:cobblestone":83,"minecraft:chainmail_boots":1,"minecraft:cooked_porkchop":20,"minecraft:experience_bottle":1},"minecraft:dropped":{"minecraft:bread":64,"minecraft:wheat_seeds":39,"minecraft:lilac":1,"minecraft:book":1,"minecraft:leather":1,"minecraft:item_frame":5,"minecraft:stick":1,"minecraft:oxeye_daisy":3,"minecraft:dirt":16,"minecraft:cornflower":1,"minecraft:rabbit":1,"minecraft:oak_stairs":3,"minecraft:white_wool":1,"minecraft:dandelion":1,"minecraft:bricks":1,"minecraft:stone_axe":1,"alexsmobs:acacia_blossom":1,"minecraft:player_head":1,"minecraft:birch_sapling":1,"minecraft:wheat":11,"minecraft:chicken":1,"minecraft:rotten_flesh":2,"minecraft:oak_planks":8,"evilcraft:flesh_humanoid":1,"minecraft:chainmail_chestplate":2,"minecraft:poppy":1,"minecraft:iron_chestplate":1,"minecraft:oak_sapling":4,"doggytalents:rice_grains":6,"minecraft:iron_bars":2,"minecraft:wooden_pickaxe":1,"born_in_chaos_v1:marigolds":1,"minecraft:black_wool":1},"minecraft:picked_up":{"minecraft:crafting_table":1,"minecraft:wheat":12,"minecraft:chicken":1,"minecraft:oak_stairs":3,"minecraft:gold_block":4,"minecraft:brewing_stand":1,"minecraft:cornflower":1,"minecraft:string":14,"minecraft:item_frame":6,"minecraft:iron_shovel":1,"minecraft:experience_bottle":1,"minecraft:red_sand":1,"minecraft:smooth_stone":12,"comforts:sleeping_bag_white":4,"minecraft:beef":10,"minecraft:player_head":1,"unusualprehistory:plant_fossil_item":7,"minecraft:poppy":1,"minecraft:iron_pickaxe":1,"minecraft:birch_sapling":1,"iceandfire:dragonscales_red":5,"minecraft:furnace":1,"minecraft:stick":4,"minecraft:raw_iron":2,"iceandfire:dragonbone":10,"minecraft:torch":5,"minecraft:porkchop":18,"tombstone:grave_dust":1,"minecraft:arrow":2,"minecraft:rotten_flesh":7,"minecraft:hay_block":75,"alexsmobs:emu_egg":1,"minecraft:gold_ingot":3,"minecraft:iron_bars":8,"minecraft:mutton":6,"minecraft:cobblestone":159,"minecraft:white_wool":4,"minecraft:oxeye_daisy":3,"minecraft:lilac":1,"minecraft:leather":6,"minecraft:golden_leggings":1,"alexsmobs:acacia_blossom":1,"doggytalents:rice_grains":6,"paraglider:spirit_orb":22,"minecraft:oak_log":19,"minecraft:chainmail_chestplate":2,"minecraft:dirt":51,"minecraft:bone":1,"minecraft:stone_bricks":3,"minecraft:bow":2,"minecraft:wheat_seeds":39,"minecraft:iron_ingot":6,"minecraft:grindstone":1,"minecraft:rabbit":1,"minecraft:oak_planks":8,"minecraft:book":1,"minecraft:dandelion":1,"unusualprehistory:petrified_wood_log":1,"iceandfire:dragon_skull_fire":1,"minecraft:iron_hoe":1,"evilcraft:dark_gem":14,"minecraft:bread":64,"minecraft:oak_sapling":5,"minecraft:bricks":1,"minecraft:black_wool":2,"minecraft:coal":29,"iceandfire:raw_silver":1},"minecraft:killed_by":{"minecraft:player":1,"iceandfire:fire_dragon":2},"minecraft:broken":{"minecraft:stone_sword":1,"minecraft:golden_leggings":1,"minecraft:stone_pickaxe":1},"minecraft:killed":{"minecraft:cave_spider":1,"minecraft:spider":6,"minecraft:skeleton":1,"iceandfire:fire_dragon":1,"minecraft:pig":10,"minecraft:creeper":1,"born_in_chaos_v1:decrepit_skeleton":2,"minecraft:sheep":5,"minecraft:zombie":5,"iceandfire:ghost":1,"unusualprehistory:sludge":1,"minecraft:stray":1,"minecraft:cow":4},"minecraft:custom":{"minecraft:mob_kills":39,"minecraft:interact_with_crafting_table":23,"minecraft:open_barrel":8,"minecraft:bell_ring":48,"minecraft:damage_dealt_resisted":287,"minecraft:time_since_death":23241,"minecraft:climb_one_cm":1593,"minecraft:sprint_one_cm":348057,"minecraft:walk_one_cm":274086,"minecraft:drop":58,"minecraft:talked_to_villager":1,"minecraft:play_time":99957,"minecraft:deaths":12,"minecraft:sneak_time":2730,"minecraft:walk_under_water_one_cm":20057,"minecraft:jump":2006,"minecraft:walk_on_water_one_cm":27668,"minecraft:total_world_time":99957,"minecraft:interact_with_furnace":25,"minecraft:sleep_in_bed":4,"minecraft:time_since_rest":21480,"minecraft:damage_taken":7958,"minecraft:trigger_trapped_chest":2,"minecraft:damage_dealt":7455,"minecraft:swim_one_cm":112120,"minecraft:fly_one_cm":350566,"minecraft:open_chest":44,"minecraft:crouch_one_cm":6291,"tombstone:undead_killed":10,"minecraft:interact_with_smoker":5,"minecraft:fall_one_cm":75627},"minecraft:mined":{"iceandfire:silver_ore":1,"minecraft:farmland":3,"minecraft:brewing_stand":1,"minecraft:red_sand":1,"minecraft:grass_block":25,"minecraft:spawner":11,"minecraft:hay_block":75,"minecraft:smooth_stone":13,"minecraft:furnace":1,"minecraft:iron_ore":2,"minecraft:fire":3,"minecraft:andesite":2,"evilcraft:dark_ore":3,"minecraft:gold_block":4,"minecraft:vine":4,"minecraft:iron_bars":8,"minecraft:oak_stairs":1,"minecraft:stone":156,"minecraft:player_head":1,"unusualprehistory:petrified_wood_log":1,"minecraft:glass_pane":2,"minecraft:polished_granite":1,"minecraft:crafting_table":1,"minecraft:torch":3,"minecraft:dead_bush":1,"minecraft:tall_grass":2,"minecraft:cobblestone":4,"minecraft:grindstone":1,"minecraft:oak_planks":2,"minecraft:bricks":1,"minecraft:wall_torch":1,"minecraft:birch_leaves":1,"unusualprehistory:tar":5,"unusualprehistory:petrified_bush":5,"minecraft:black_wool":1,"minecraft:grass":4,"minecraft:oak_log":9,"minecraft:coal_ore":29,"minecraft:dirt":23,"minecraft:cobweb":9,"minecraft:stone_bricks":3,"unusualprehistory:splattered_tar":1,"minecraft:oak_leaves":14},"minecraft:crafted":{"minecraft:oak_planks":36,"comforts:sleeping_bag_white":1,"minecraft:furnace":1,"minecraft:cooked_mutton":6,"sophisticatedbackpacks:copper_backpack":1,"minecraft:iron_axe":1,"minecraft:stone_pickaxe":1,"minecraft:chest":1,"minecraft:wheat":675,"sophisticatedbackpacks:iron_backpack":1,"minecraft:cooked_beef":4,"sophisticatedbackpacks:backpack":1,"minecraft:cooked_porkchop":20,"minecraft:crafting_table":3,"minecraft:wooden_pickaxe":1,"minecraft:iron_sword":1,"minecraft:copper_ingot":8,"sophisticatedbackpacks:gold_backpack":1,"minecraft:stone_axe":1,"minecraft:bread":225,"minecraft:air":0,"minecraft:stick":8,"quark:oak_chest":1,"minecraft:stone_sword":1}},"DataVersion":3465}