{"stats":{"minecraft:custom":{"minecraft:interact_with_smithing_table":1,"minecraft:mob_kills":138,"minecraft:interact_with_crafting_table":23,"minecraft:open_barrel":33,"minecraft:bell_ring":48,"minecraft:damage_dealt_resisted":501,"minecraft:time_since_death":18391,"minecraft:climb_one_cm":1593,"minecraft:damage_resisted":1944,"minecraft:sprint_one_cm":525706,"minecraft:walk_one_cm":486438,"minecraft:damage_blocked_by_shield":1735,"minecraft:drop":158,"minecraft:damage_dealt_absorbed":120,"minecraft:talked_to_villager":1,"minecraft:play_time":165526,"minecraft:sneak_time":6846,"minecraft:deaths":17,"minecraft:walk_under_water_one_cm":23815,"minecraft:jump":3038,"minecraft:walk_on_water_one_cm":35676,"minecraft:total_world_time":165526,"minecraft:interact_with_furnace":25,"minecraft:sleep_in_bed":4,"minecraft:time_since_rest":18256,"minecraft:damage_taken":14245,"minecraft:trigger_trapped_chest":2,"minecraft:damage_dealt":26646,"tombstone:cast_on_ally":0,"minecraft:swim_one_cm":112120,"minecraft:fly_one_cm":470803,"minecraft:open_chest":63,"minecraft:crouch_one_cm":15483,"tombstone:undead_killed":85,"minecraft:fall_one_cm":99606,"minecraft:interact_with_smoker":5,"minecraft:interact_with_anvil":1},"minecraft:mined":{"minecraft:diamond_ore":1,"minecraft:tuff":20,"minecraft:farmland":3,"iceandfire:silver_ore":1,"minecraft:mossy_cobblestone":1,"minecraft:deepslate_diamond_ore":67,"minecraft:brewing_stand":1,"minecraft:nether_bricks":5,"minecraft:red_sand":1,"minecraft:grass_block":25,"minecraft:coal_block":1,"minecraft:spawner":23,"minecraft:hay_block":75,"minecraft:smooth_stone":13,"minecraft:furnace":1,"minecraft:iron_ore":55,"minecraft:fire":3,"minecraft:andesite":2,"evilcraft:dark_ore":10,"minecraft:anvil":1,"minecraft:nether_brick_stairs":1,"minecraft:gold_block":4,"minecraft:deepslate_iron_ore":25,"minecraft:vine":4,"minecraft:oak_stairs":1,"minecraft:iron_bars":16,"minecraft:stone":160,"minecraft:player_head":1,"unusualprehistory:petrified_wood_log":1,"minecraft:glass_pane":2,"minecraft:quartz_block":4,"minecraft:polished_granite":1,"minecraft:crafting_table":1,"minecraft:torch":6,"minecraft:blast_furnace":2,"minecraft:dead_bush":1,"minecraft:tall_grass":2,"minecraft:cobblestone":18,"minecraft:deepslate_gold_ore":8,"minecraft:oak_planks":16,"minecraft:grindstone":1,"minecraft:bricks":1,"minecraft:wall_torch":6,"evilcraft:dark_ore_deepslate":3,"minecraft:birch_leaves":1,"unusualprehistory:tar":5,"minecraft:tnt":1,"unusualprehistory:petrified_bush":5,"minecraft:black_wool":1,"minecraft:grass":4,"minecraft:coal_ore":29,"minecraft:oak_log":9,"minecraft:dirt":23,"minecraft:cobweb":20,"minecraft:deepslate":94,"minecraft:stone_bricks":3,"unusualprehistory:splattered_tar":1,"minecraft:netherrack":1,"minecraft:mossy_stone_bricks":1,"minecraft:oak_leaves":14},"minecraft:killed":{"born_in_chaos_v1:zombie_clown":1,"minecraft:cave_spider":3,"minecraft:spider":11,"born_in_chaos_v1:maggot":8,"minecraft:skeleton":15,"iceandfire:fire_dragon":1,"born_in_chaos_v1:skeleton_thrasher":1,"born_in_chaos_v1:barrel_zombie":3,"born_in_chaos_v1:fallen_chaos_knight":1,"minecraft:pig":10,"born_in_chaos_v1:swarmer":1,"minecraft:creeper":3,"born_in_chaos_v1:decrepit_skeleton":5,"minecraft:sheep":5,"born_in_chaos_v1:bloody_gadfly":2,"minecraft:zombie":44,"iceandfire:ghost":1,"born_in_chaos_v1:corpse_fly":1,"unusualprehistory:sludge":1,"born_in_chaos_v1:dark_vortex":1,"minecraft:stray":13,"minecraft:cow":4},"minecraft:picked_up":{"minecraft:iron_chestplate":1,"minecraft:crafting_table":1,"minecraft:wheat":12,"minecraft:chainmail_boots":1,"minecraft:chicken":1,"minecraft:creeper_head":1,"minecraft:prismarine_shard":3,"minecraft:oak_stairs":3,"minecraft:gold_block":4,"minecraft:infested_cobblestone":24,"minecraft:brewing_stand":1,"minecraft:shield":2,"minecraft:cornflower":1,"minecraft:string":25,"minecraft:raw_copper":4,"minecraft:iron_axe":1,"minecraft:item_frame":6,"minecraft:experience_bottle":1,"minecraft:iron_shovel":1,"minecraft:zombie_head":1,"minecraft:beetroot":1,"minecraft:sea_pickle":1,"minecraft:red_sand":1,"minecraft:smooth_stone":12,"minecraft:cobbled_deepslate":96,"comforts:sleeping_bag_white":4,"minecraft:beef":10,"minecraft:player_head":1,"unusualprehistory:plant_fossil_item":7,"minecraft:iron_pickaxe":1,"minecraft:poppy":1,"minecraft:coal_block":1,"minecraft:birch_sapling":1,"iceandfire:dragonscales_red":5,"minecraft:furnace":1,"minecraft:tipped_arrow":6,"minecraft:raw_iron":83,"minecraft:stick":4,"iceandfire:dragonbone":10,"born_in_chaos_v1:shattered_skull":1,"minecraft:torch":14,"sophisticatedbackpacks:backpack":1,"minecraft:porkchop":18,"tombstone:grave_dust":14,"born_in_chaos_v1:pieceofdarkmetal":7,"minecraft:tnt":1,"minecraft:quartz_block":3,"minecraft:tube_coral":1,"minecraft:arrow":27,"minecraft:rotten_flesh":70,"minecraft:nether_bricks":5,"minecraft:hay_block":75,"alexsmobs:emu_egg":1,"minecraft:gold_ingot":3,"minecraft:mutton":6,"minecraft:iron_bars":15,"minecraft:rail":3,"minecraft:white_wool":4,"minecraft:cobblestone":173,"minecraft:oxeye_daisy":3,"born_in_chaos_v1:corpse_maggot":7,"minecraft:leather_chestplate":2,"minecraft:lilac":1,"minecraft:glow_ink_sac":7,"minecraft:leather":6,"minecraft:golden_leggings":1,"alexsmobs:acacia_blossom":1,"minecraft:potato":1,"doggytalents:rice_grains":6,"paraglider:spirit_orb":44,"minecraft:tuff":19,"minecraft:oak_log":19,"minecraft:chainmail_chestplate":3,"minecraft:gunpowder":5,"minecraft:lapis_lazuli":2,"minecraft:dirt":51,"minecraft:bone":23,"minecraft:stone_bricks":4,"minecraft:kelp":3,"minecraft:bow":4,"minecraft:wheat_seeds":39,"minecraft:raw_gold":8,"minecraft:grindstone":1,"minecraft:iron_ingot":6,"minecraft:rabbit":1,"minecraft:oak_planks":19,"minecraft:book":1,"minecraft:dandelion":1,"born_in_chaos_v1:ethereal_spirit":1,"unusualprehistory:petrified_wood_log":1,"iceandfire:dragon_skull_fire":1,"born_in_chaos_v1:dark_rod":1,"minecraft:nether_brick_stairs":1,"minecraft:blast_furnace":2,"minecraft:mossy_cobblestone":1,"minecraft:iron_hoe":1,"minecraft:diamond":68,"evilcraft:dark_gem":59,"minecraft:anvil":1,"minecraft:chainmail_helmet":1,"minecraft:bread":64,"tombstone:magic_scroll":3,"minecraft:oak_sapling":5,"minecraft:netherrack":1,"minecraft:black_wool":2,"minecraft:bricks":1,"minecraft:coal":29,"iceandfire:raw_silver":2,"born_in_chaos_v1:seedof_chaos":1},"minecraft:crafted":{"minecraft:oak_planks":72,"minecraft:coal":9,"comforts:sleeping_bag_white":1,"minecraft:furnace":1,"minecraft:cooked_mutton":6,"sophisticatedbackpacks:copper_backpack":1,"minecraft:iron_axe":1,"minecraft:stone_pickaxe":1,"minecraft:chest":1,"sophisticatedbackpacks:iron_backpack":1,"minecraft:wheat":675,"minecraft:cooked_beef":4,"sophisticatedbackpacks:backpack":1,"minecraft:cooked_porkchop":20,"minecraft:crafting_table":3,"minecraft:wooden_pickaxe":1,"minecraft:iron_sword":1,"minecraft:copper_ingot":8,"sophisticatedbackpacks:gold_backpack":1,"minecraft:stone_axe":1,"minecraft:bread":225,"minecraft:air":0,"minecraft:stick":8,"quark:oak_chest":1,"minecraft:stone_sword":1},"minecraft:broken":{"minecraft:stone_sword":1,"minecraft:iron_chestplate":1,"minecraft:golden_leggings":1,"minecraft:stone_pickaxe":1,"minecraft:iron_sword":1},"minecraft:killed_by":{"minecraft:player":1,"iceandfire:fire_dragon":2},"minecraft:dropped":{"minecraft:bread":64,"iceandfire:raw_silver":2,"born_in_chaos_v1:shattered_skull":1,"minecraft:wheat_seeds":39,"minecraft:lapis_lazuli":2,"minecraft:glow_ink_sac":7,"minecraft:lilac":1,"minecraft:mossy_cobblestone":1,"minecraft:glass_bottle":1,"minecraft:prismarine_shard":3,"minecraft:book":1,"minecraft:leather":1,"minecraft:iron_horse_armor":1,"minecraft:chainmail_helmet":1,"minecraft:rail":2,"minecraft:stick":2,"minecraft:item_frame":5,"minecraft:oxeye_daisy":3,"minecraft:dirt":30,"minecraft:cornflower":1,"minecraft:rabbit":1,"minecraft:zombie_head":1,"minecraft:oak_stairs":3,"minecraft:iron_axe":1,"minecraft:iron_pickaxe":1,"minecraft:tube_coral":1,"minecraft:iron_shovel":1,"minecraft:string":2,"minecraft:white_wool":1,"minecraft:dandelion":1,"minecraft:bricks":1,"minecraft:stone_axe":1,"minecraft:creeper_head":1,"minecraft:kelp":3,"alexsmobs:acacia_blossom":1,"minecraft:player_head":1,"minecraft:raw_copper":4,"minecraft:tuff":6,"minecraft:wheat":11,"minecraft:birch_sapling":1,"born_in_chaos_v1:ethereal_spirit":1,"minecraft:beetroot":1,"minecraft:chicken":1,"minecraft:rotten_flesh":78,"minecraft:oak_planks":8,"minecraft:iron_boots":1,"minecraft:nether_bricks":4,"evilcraft:flesh_humanoid":1,"minecraft:chainmail_chestplate":2,"minecraft:poppy":1,"minecraft:leather_chestplate":2,"minecraft:potato":1,"minecraft:tipped_arrow":1,"minecraft:shield":1,"born_in_chaos_v1:seedof_chaos":1,"minecraft:sea_pickle":1,"minecraft:iron_chestplate":1,"minecraft:quartz_block":3,"born_in_chaos_v1:corpse_maggot":5,"minecraft:oak_sapling":4,"minecraft:chainmail_boots":2,"minecraft:stone_bricks":1,"doggytalents:rice_grains":6,"minecraft:iron_bars":2,"minecraft:bow":1,"minecraft:wooden_pickaxe":1,"born_in_chaos_v1:marigolds":1,"minecraft:netherrack":1,"minecraft:black_wool":1},"minecraft:used":{"alexsmobs:emu_egg":1,"minecraft:iron_shovel":40,"minecraft:stone_sword":114,"minecraft:red_sand":1,"minecraft:iron_bars":13,"minecraft:shield":22,"minecraft:iron_sword":405,"minecraft:iron_chestplate":3,"minecraft:torch":38,"minecraft:dirt":21,"minecraft:nether_bricks":5,"minecraft:tuff":13,"minecraft:nether_brick_stairs":1,"minecraft:obsidian":1,"minecraft:iron_hoe":32,"minecraft:iron_axe":26,"minecraft:iron_boots":1,"minecraft:stone_bricks":3,"minecraft:item_frame":1,"minecraft:bow":46,"minecraft:oak_sapling":2,"minecraft:furnace":1,"tombstone:gift":5,"minecraft:infested_cobblestone":4,"comforts:sleeping_bag_white":4,"minecraft:cooked_beef":14,"minecraft:cobbled_deepslate":19,"minecraft:cooked_mutton":6,"minecraft:water_bucket":1,"minecraft:baked_potato":2,"minecraft:stone_pickaxe":131,"minecraft:oak_planks":56,"minecraft:wooden_pickaxe":32,"minecraft:leather_chestplate":2,"minecraft:rail":1,"minecraft:crafting_table":4,"minecraft:diamond_pickaxe":33,"minecraft:black_wool":1,"minecraft:bread":77,"minecraft:iron_pickaxe":393,"tombstone:magic_scroll":1,"tombstone:grave_key":4,"minecraft:stone_axe":56,"unusualprehistory:petrified_wood_log":1,"minecraft:cobblestone":97,"minecraft:potion":1,"minecraft:chainmail_boots":1,"minecraft:cooked_porkchop":20,"minecraft:bucket":2,"minecraft:experience_bottle":1}},"DataVersion":3465}