{"stats":{"minecraft:mined":{"minecraft:farmland":3,"luminous_nether:golden_nylium":1,"minecraft:brewing_stand":1,"minecraft:granite":5,"minecraft:red_sand":1,"minecraft:grass_block":25,"minecraft:infested_cobblestone":1,"minecraft:cracked_polished_blackstone_bricks":3,"minecraft:coal_block":1,"minecraft:crimson_fungus":1,"minecraft:nether_wart":20,"minecraft:spawner":24,"minecraft:smooth_stone":13,"minecraft:polished_blackstone_bricks":27,"minecraft:glowstone":6,"minecraft:iron_ore":55,"minecraft:cobbled_deepslate":1,"minecraft:fire":32,"minecraft:deepslate_lapis_ore":6,"minecraft:anvil":1,"minecraft:nether_brick_stairs":1,"minecraft:oak_stairs":1,"minecraft:iron_bars":16,"minecraft:player_head":1,"minecraft:quartz_block":4,"minecraft:crimson_nylium":12,"minecraft:torch":9,"minecraft:blast_furnace":2,"minecraft:dead_bush":1,"minecraft:cobblestone":18,"minecraft:oak_planks":16,"minecraft:grindstone":1,"minecraft:bricks":1,"minecraft:wall_torch":6,"luminous_nether:fungirrack_lamp":2,"evilcraft:dark_ore_deepslate":4,"minecraft:tnt":1,"minecraft:grass":5,"minecraft:oak_log":9,"minecraft:dirt":23,"minecraft:netherrack":422,"minecraft:ancient_debris":1,"unusualprehistory:splattered_tar":1,"minecraft:deepslate":155,"minecraft:oak_leaves":14,"minecraft:diamond_ore":1,"minecraft:tuff":20,"iceandfire:silver_ore":1,"minecraft:mossy_cobblestone":1,"minecraft:deepslate_diamond_ore":82,"minecraft:nether_bricks":11,"born_in_chaos_v1:black_argillite":2,"minecraft:crimson_roots":1,"minecraft:hay_block":75,"minecraft:furnace":1,"minecraft:andesite":2,"evilcraft:dark_ore":10,"minecraft:gold_block":20,"minecraft:deepslate_iron_ore":27,"minecraft:vine":4,"minecraft:stone":196,"unusualprehistory:petrified_wood_log":1,"minecraft:glass_pane":2,"minecraft:basalt":2,"minecraft:polished_granite":1,"minecraft:crafting_table":1,"minecraft:tall_grass":2,"minecraft:deepslate_gold_ore":16,"minecraft:diorite":8,"luminous_nether:fungirrack":7,"minecraft:birch_leaves":1,"evilcraft:infested_nether_netherrack":2,"unusualprehistory:tar":5,"unusualprehistory:petrified_bush":5,"luminous_nether:tall_gold_grass":1,"minecraft:black_wool":1,"minecraft:coal_ore":29,"minecraft:cobweb":24,"minecraft:stone_bricks":3,"minecraft:mossy_stone_bricks":1,"minecraft:gold_ore":4},"minecraft:dropped":{"iceandfire:raw_silver":2,"minecraft:porkchop":6,"minecraft:lapis_lazuli":2,"minecraft:glow_ink_sac":7,"minecraft:glass_bottle":1,"minecraft:leather":1,"minecraft:iron_horse_armor":1,"minecraft:rail":2,"minecraft:red_mushroom":3,"minecraft:item_frame":5,"minecraft:cracked_polished_blackstone_bricks":1,"minecraft:dirt":30,"tombstone:bag_of_seeds":1,"minecraft:cornflower":1,"minecraft:gold_nugget":7,"minecraft:gilded_blackstone":2,"minecraft:tube_coral":1,"minecraft:iron_pickaxe":3,"luminous_nether:golden_nylium":2,"minecraft:white_wool":1,"minecraft:gold_ingot":19,"minecraft:bone":1,"minecraft:crimson_fungus":1,"minecraft:stone_axe":1,"minecraft:blackstone":30,"minecraft:cobbled_deepslate":1,"born_in_chaos_v1:fire_dust":2,"minecraft:nether_brick":20,"minecraft:birch_sapling":1,"minecraft:wheat":11,"born_in_chaos_v1:ethereal_spirit":3,"minecraft:beetroot":1,"minecraft:rotten_flesh":78,"minecraft:oak_planks":8,"luminous_nether:fungirrack":7,"evilcraft:flesh_humanoid":1,"minecraft:chainmail_chestplate":2,"minecraft:poppy":1,"minecraft:leather_chestplate":2,"minecraft:tipped_arrow":1,"born_in_chaos_v1:seedof_chaos":1,"luminous_nether:raw_mushroom_protein":2,"minecraft:quartz_block":3,"born_in_chaos_v1:corpse_maggot":5,"minecraft:chainmail_boots":2,"doggytalents:rice_grains":7,"minecraft:basalt":1,"minecraft:iron_bars":2,"born_in_chaos_v1:marigolds":1,"minecraft:netherrack":423,"minecraft:infested_cobblestone":17,"alexsmobs:mosquito_proboscis":2,"minecraft:bread":93,"born_in_chaos_v1:shattered_skull":1,"minecraft:wheat_seeds":39,"minecraft:lilac":1,"minecraft:mossy_cobblestone":1,"minecraft:prismarine_shard":3,"minecraft:golden_axe":1,"minecraft:cobblestone":36,"minecraft:book":1,"minecraft:granite":5,"minecraft:chainmail_helmet":2,"minecraft:coal":4,"minecraft:stick":2,"minecraft:oxeye_daisy":3,"quark:glow_lichen_growth":1,"born_in_chaos_v1:black_argillite":2,"minecraft:diorite":8,"minecraft:rabbit":1,"minecraft:zombie_head":1,"minecraft:oak_stairs":3,"minecraft:iron_axe":1,"minecraft:iron_shovel":1,"minecraft:string":2,"minecraft:dandelion":1,"minecraft:bricks":1,"minecraft:creeper_head":1,"minecraft:kelp":3,"alexsmobs:acacia_blossom":1,"minecraft:player_head":1,"minecraft:stone_sword":1,"minecraft:raw_copper":4,"minecraft:tuff":6,"iceandfire:witherbone":5,"minecraft:chicken":1,"minecraft:iron_boots":1,"minecraft:iron_hoe":1,"minecraft:nether_bricks":4,"minecraft:potato":1,"minecraft:shield":1,"minecraft:sea_pickle":1,"minecraft:iron_chestplate":1,"minecraft:oak_sapling":4,"minecraft:spider_eye":1,"minecraft:stone_bricks":1,"minecraft:bow":1,"minecraft:wooden_pickaxe":1,"minecraft:black_wool":1},"minecraft:used":{"alexsmobs:emu_egg":1,"minecraft:red_sand":1,"minecraft:iron_shovel":40,"luminous_nether:fungirrack_lamp":2,"minecraft:shield":33,"minecraft:iron_sword":690,"minecraft:iron_chestplate":3,"minecraft:nether_bricks":71,"minecraft:tuff":13,"minecraft:obsidian":7,"minecraft:stone_bricks":3,"minecraft:item_frame":1,"minecraft:bow":87,"minecraft:oak_sapling":2,"minecraft:furnace":1,"minecraft:oak_planks":56,"minecraft:stone_pickaxe":131,"minecraft:wooden_pickaxe":32,"minecraft:leather_chestplate":2,"minecraft:diamond_axe":8,"minecraft:bread":191,"tombstone:grave_key":7,"minecraft:chainmail_boots":1,"minecraft:experience_bottle":1,"minecraft:iron_bars":13,"minecraft:stone_sword":114,"minecraft:flint_and_steel":10,"minecraft:netherrack":326,"minecraft:torch":59,"minecraft:dirt":21,"minecraft:nether_brick_stairs":1,"minecraft:iron_hoe":32,"minecraft:iron_axe":39,"minecraft:iron_boots":1,"minecraft:basalt":1,"tombstone:gift":5,"minecraft:infested_cobblestone":7,"comforts:sleeping_bag_white":4,"minecraft:cooked_beef":14,"minecraft:cobbled_deepslate":161,"minecraft:cooked_mutton":6,"tombstone:scroll_of_mercy":2,"minecraft:water_bucket":2,"minecraft:baked_potato":2,"minecraft:rail":1,"tombstone:scroll_of_feather_fall":1,"minecraft:tnt":8,"minecraft:crafting_table":4,"minecraft:black_wool":1,"minecraft:diamond_pickaxe":697,"minecraft:cracked_polished_blackstone_bricks":4,"minecraft:iron_pickaxe":396,"tombstone:magic_scroll":1,"minecraft:stone_axe":56,"unusualprehistory:petrified_wood_log":1,"minecraft:crimson_fungus":1,"minecraft:cobblestone":97,"minecraft:potion":1,"minecraft:cooked_porkchop":20,"minecraft:bucket":3,"minecraft:splash_potion":1},"minecraft:killed_by":{"iceandfire:fire_dragon":2,"minecraft:player":1},"minecraft:custom":{"minecraft:interact_with_crafting_table":23,"minecraft:open_barrel":34,"minecraft:bell_ring":48,"minecraft:leave_game":4,"minecraft:time_since_death":27238,"minecraft:damage_resisted":1944,"minecraft:sprint_one_cm":845262,"minecraft:damage_blocked_by_shield":2785,"minecraft:drop":297,"minecraft:talked_to_villager":1,"minecraft:play_time":288767,"minecraft:deaths":21,"minecraft:jump":5336,"minecraft:walk_on_water_one_cm":36008,"minecraft:interact_with_furnace":25,"minecraft:sleep_in_bed":5,"minecraft:damage_dealt":40455,"minecraft:crouch_one_cm":26446,"tombstone:undead_killed":101,"minecraft:interact_with_smoker":5,"minecraft:interact_with_smithing_table":1,"minecraft:interact_with_anvil":1,"minecraft:mob_kills":223,"minecraft:damage_dealt_resisted":501,"minecraft:climb_one_cm":1593,"minecraft:walk_one_cm":740600,"minecraft:damage_dealt_absorbed":120,"minecraft:sneak_time":12313,"minecraft:walk_under_water_one_cm":24894,"minecraft:total_world_time":288767,"spartanshields:shield_bash_hits":4,"minecraft:time_since_rest":27002,"minecraft:damage_taken":22191,"minecraft:trigger_trapped_chest":2,"tombstone:cast_on_ally":0,"minecraft:swim_one_cm":114389,"minecraft:fly_one_cm":785039,"minecraft:open_chest":80,"minecraft:fall_one_cm":169789},"minecraft:crafted":{"minecraft:oak_planks":72,"minecraft:cooked_mutton":6,"sophisticatedbackpacks:copper_backpack":1,"minecraft:chest":1,"sophisticatedbackpacks:backpack":1,"minecraft:cooked_porkchop":20,"minecraft:crafting_table":3,"minecraft:wooden_pickaxe":1,"minecraft:copper_ingot":8,"quark:oak_chest":1,"minecraft:stick":8,"minecraft:stone_sword":1,"minecraft:coal":9,"comforts:sleeping_bag_white":1,"minecraft:furnace":1,"minecraft:iron_axe":1,"minecraft:stone_pickaxe":1,"minecraft:wheat":675,"sophisticatedbackpacks:iron_backpack":1,"minecraft:cooked_beef":4,"minecraft:iron_sword":1,"sophisticatedbackpacks:gold_backpack":1,"minecraft:stone_axe":1,"minecraft:air":0,"minecraft:bread":225},"minecraft:broken":{"minecraft:iron_chestplate":1,"minecraft:iron_leggings":1,"minecraft:golden_leggings":1,"minecraft:stone_pickaxe":1,"minecraft:iron_sword":1,"minecraft:stone_sword":1,"minecraft:shield":1},"minecraft:picked_up":{"minecraft:iron_chestplate":1,"minecraft:wheat":12,"minecraft:chainmail_boots":1,"minecraft:creeper_head":1,"minecraft:anvil":1,"minecraft:prismarine_shard":3,"minecraft:oak_stairs":3,"luminous_nether:golden_nylium":2,"minecraft:nether_brick":20,"minecraft:brewing_stand":1,"born_in_chaos_v1:black_argillite":2,"minecraft:string":29,"minecraft:raw_copper":4,"minecraft:iron_leggings":1,"minecraft:experience_bottle":1,"minecraft:zombie_head":1,"minecraft:beetroot":1,"minecraft:sea_pickle":1,"minecraft:cobbled_deepslate":160,"minecraft:red_sand":1,"minecraft:gold_nugget":10,"minecraft:smooth_stone":12,"comforts:sleeping_bag_white":4,"unusualprehistory:plant_fossil_item":7,"minecraft:iron_pickaxe":2,"minecraft:coal_block":1,"iceandfire:dragonscales_red":5,"minecraft:iron_boots":1,"minecraft:furnace":1,"minecraft:tipped_arrow":6,"minecraft:stick":4,"born_in_chaos_v1:shattered_skull":1,"minecraft:torch":17,"minecraft:porkchop":24,"minecraft:golden_axe":1,"tombstone:grave_dust":16,"minecraft:diorite":8,"minecraft:quartz_block":3,"minecraft:stone_sword":1,"minecraft:rotten_flesh":70,"alexsmobs:emu_egg":1,"minecraft:blaze_rod":8,"minecraft:obsidian":2,"minecraft:iron_bars":15,"minecraft:cobblestone":209,"minecraft:leather_chestplate":2,"minecraft:lilac":1,"minecraft:magma_cream":1,"minecraft:golden_leggings":1,"minecraft:potato":1,"paraglider:spirit_orb":46,"minecraft:tuff":19,"minecraft:lapis_lazuli":37,"minecraft:dirt":51,"minecraft:bone":34,"minecraft:bow":4,"minecraft:wheat_seeds":39,"minecraft:raw_gold":20,"minecraft:grindstone":1,"minecraft:rabbit":1,"minecraft:glowstone_dust":32,"minecraft:oak_planks":19,"unusualprehistory:petrified_wood_log":1,"iceandfire:dragon_skull_fire":1,"minecraft:nether_brick_stairs":1,"quark:glow_lichen_growth":1,"minecraft:spectral_arrow":19,"minecraft:mossy_cobblestone":1,"luminous_nether:raw_mushroom_protein":2,"minecraft:iron_hoe":1,"luminous_nether:fungirrack_lamp":2,"born_in_chaos_v1:fire_dust":2,"minecraft:diamond":83,"minecraft:cracked_polished_blackstone_bricks":5,"minecraft:granite":5,"minecraft:chainmail_helmet":2,"minecraft:bread":79,"minecraft:oak_sapling":5,"minecraft:netherrack":1060,"minecraft:bricks":1,"iceandfire:raw_silver":2,"minecraft:crafting_table":1,"iceandfire:witherbone":5,"minecraft:splash_potion":1,"minecraft:chicken":1,"minecraft:nether_wart":26,"born_in_chaos_v1:seedof_chaos":1,"minecraft:infested_cobblestone":24,"minecraft:gold_block":20,"minecraft:shield":2,"minecraft:cornflower":1,"alexsmobs:pigshoes":1,"minecraft:iron_axe":1,"minecraft:item_frame":6,"minecraft:iron_shovel":2,"minecraft:blackstone":30,"minecraft:beef":10,"minecraft:player_head":1,"minecraft:poppy":1,"minecraft:birch_sapling":1,"minecraft:raw_iron":85,"iceandfire:dragonbone":10,"sophisticatedbackpacks:backpack":1,"minecraft:polished_blackstone_bricks":24,"born_in_chaos_v1:pieceofdarkmetal":7,"minecraft:tnt":1,"minecraft:tube_coral":1,"minecraft:arrow":54,"artifacts:cowboy_hat":1,"minecraft:nether_bricks":11,"minecraft:hay_block":75,"minecraft:gold_ingot":4,"minecraft:mutton":6,"minecraft:rail":3,"minecraft:white_wool":4,"minecraft:oxeye_daisy":3,"born_in_chaos_v1:corpse_maggot":7,"minecraft:basalt":2,"minecraft:glow_ink_sac":7,"minecraft:leather":13,"alexsmobs:acacia_blossom":1,"minecraft:red_mushroom":3,"doggytalents:rice_grains":7,"minecraft:crimson_fungus":2,"minecraft:oak_log":19,"minecraft:chainmail_chestplate":3,"minecraft:ancient_debris":1,"luminous_nether:fungirrack":7,"minecraft:gunpowder":6,"alexsmobs:mosquito_proboscis":2,"minecraft:stone_bricks":4,"minecraft:kelp":3,"minecraft:iron_ingot":6,"tombstone:bag_of_seeds":1,"minecraft:soul_sand":17,"minecraft:book":1,"born_in_chaos_v1:ethereal_spirit":3,"minecraft:quartz":5,"minecraft:dandelion":1,"born_in_chaos_v1:dark_rod":1,"minecraft:blast_furnace":2,"minecraft:crying_obsidian":6,"evilcraft:dark_gem":63,"tombstone:magic_scroll":4,"minecraft:black_wool":2,"minecraft:coal":33},"minecraft:killed":{"born_in_chaos_v1:zombie_clown":1,"evilcraft:netherfish":1,"minecraft:cave_spider":3,"minecraft:spider":12,"born_in_chaos_v1:scarlet_persecutor":2,"minecraft:skeleton":17,"luminous_nether:mushlin_spewer":1,"born_in_chaos_v1:skeleton_thrasher":1,"minecraft:silverfish":1,"minecraft:piglin_brute":1,"minecraft:magma_cube":16,"minecraft:piglin":8,"minecraft:pig":10,"born_in_chaos_v1:bone_imp":2,"minecraft:creeper":3,"alexsmobs:crimson_mosquito":2,"minecraft:sheep":5,"minecraft:zombie":45,"born_in_chaos_v1:corpse_fly":1,"minecraft:stray":13,"minecraft:blaze":15,"minecraft:cow":4,"luminous_nether:cultist_archer":2,"born_in_chaos_v1:firelight":4,"born_in_chaos_v1:maggot":8,"iceandfire:fire_dragon":1,"born_in_chaos_v1:barrel_zombie":3,"born_in_chaos_v1:fallen_chaos_knight":2,"born_in_chaos_v1:swarmer":1,"quark:foxhound":1,"minecraft:hoglin":5,"born_in_chaos_v1:decrepit_skeleton":5,"luminous_nether:mushlin_bumper":2,"born_in_chaos_v1:bloody_gadfly":2,"iceandfire:ghost":1,"unusualprehistory:sludge":1,"born_in_chaos_v1:dark_vortex":1,"luminous_nether:piglin_cultist":2,"minecraft:wither_skeleton":8}},"DataVersion":3465}