{"stats":{"minecraft:used":{"alexsmobs:emu_egg":1,"minecraft:red_sand":1,"minecraft:stone_sword":81,"minecraft:iron_shovel":38,"minecraft:iron_chestplate":1,"minecraft:torch":5,"minecraft:dirt":14,"minecraft:iron_hoe":16,"minecraft:item_frame":1,"minecraft:furnace":1,"minecraft:oak_sapling":2,"tombstone:gift":1,"comforts:sleeping_bag_white":3,"minecraft:cooked_beef":1,"minecraft:stone_pickaxe":92,"minecraft:oak_planks":2,"minecraft:wooden_pickaxe":32,"minecraft:crafting_table":4,"minecraft:black_wool":1,"minecraft:bread":19,"minecraft:iron_pickaxe":7,"minecraft:stone_axe":41,"unusualprehistory:petrified_wood_log":1,"minecraft:cobblestone":40,"minecraft:cooked_porkchop":20,"minecraft:experience_bottle":1},"minecraft:dropped":{"minecraft:bread":64,"minecraft:wheat_seeds":37,"minecraft:book":1,"minecraft:leather":1,"minecraft:item_frame":5,"minecraft:oxeye_daisy":3,"minecraft:dirt":16,"minecraft:cornflower":1,"minecraft:rabbit":1,"minecraft:oak_stairs":1,"minecraft:white_wool":1,"minecraft:dandelion":1,"alexsmobs:acacia_blossom":1,"minecraft:player_head":1,"minecraft:wheat":11,"minecraft:chicken":1,"minecraft:oak_planks":2,"minecraft:poppy":1,"minecraft:iron_chestplate":1,"doggytalents:rice_grains":4,"minecraft:wooden_pickaxe":1,"minecraft:black_wool":1},"minecraft:picked_up":{"minecraft:crafting_table":1,"minecraft:wheat":12,"minecraft:chicken":1,"minecraft:oak_stairs":1,"minecraft:gold_block":4,"minecraft:cornflower":1,"minecraft:string":10,"minecraft:item_frame":6,"minecraft:iron_shovel":1,"minecraft:experience_bottle":1,"minecraft:red_sand":1,"minecraft:smooth_stone":12,"comforts:sleeping_bag_white":3,"minecraft:beef":10,"minecraft:player_head":1,"unusualprehistory:plant_fossil_item":7,"minecraft:poppy":1,"minecraft:furnace":1,"minecraft:stick":4,"minecraft:raw_iron":2,"iceandfire:dragonbone":4,"minecraft:torch":2,"minecraft:porkchop":18,"minecraft:rotten_flesh":5,"minecraft:hay_block":59,"alexsmobs:emu_egg":1,"minecraft:gold_ingot":3,"minecraft:mutton":6,"minecraft:cobblestone":68,"minecraft:white_wool":4,"minecraft:oxeye_daisy":3,"minecraft:leather":6,"minecraft:golden_leggings":1,"alexsmobs:acacia_blossom":1,"doggytalents:rice_grains":4,"paraglider:spirit_orb":6,"minecraft:oak_log":9,"minecraft:dirt":48,"minecraft:bow":1,"minecraft:wheat_seeds":37,"minecraft:iron_ingot":6,"minecraft:grindstone":1,"minecraft:rabbit":1,"minecraft:oak_planks":1,"minecraft:book":1,"minecraft:dandelion":1,"unusualprehistory:petrified_wood_log":1,"minecraft:iron_hoe":1,"evilcraft:dark_gem":9,"minecraft:bread":64,"minecraft:oak_sapling":2,"minecraft:black_wool":2,"minecraft:coal":29},"minecraft:killed":{"minecraft:cave_spider":1,"minecraft:spider":4,"minecraft:pig":10,"born_in_chaos_v1:decrepit_skeleton":2,"minecraft:sheep":5,"minecraft:zombie":1,"iceandfire:ghost":1,"unusualprehistory:sludge":1,"minecraft:cow":4},"minecraft:mined":{"minecraft:farmland":3,"minecraft:red_sand":1,"minecraft:grass_block":23,"minecraft:spawner":3,"minecraft:hay_block":59,"minecraft:smooth_stone":13,"minecraft:furnace":1,"minecraft:iron_ore":2,"minecraft:fire":1,"evilcraft:dark_ore":2,"minecraft:gold_block":4,"minecraft:vine":4,"minecraft:oak_stairs":1,"minecraft:stone":66,"minecraft:player_head":1,"unusualprehistory:petrified_wood_log":1,"minecraft:glass_pane":2,"minecraft:crafting_table":1,"minecraft:torch":2,"minecraft:dead_bush":1,"minecraft:tall_grass":2,"minecraft:grindstone":1,"minecraft:oak_planks":1,"minecraft:birch_leaves":1,"unusualprehistory:tar":5,"unusualprehistory:petrified_bush":5,"minecraft:black_wool":1,"minecraft:grass":2,"minecraft:oak_log":9,"minecraft:coal_ore":29,"minecraft:dirt":22,"minecraft:cobweb":8,"unusualprehistory:splattered_tar":1,"minecraft:oak_leaves":2},"minecraft:custom":{"minecraft:mob_kills":29,"minecraft:interact_with_crafting_table":18,"minecraft:open_barrel":8,"minecraft:damage_dealt_resisted":287,"minecraft:time_since_death":4332,"minecraft:climb_one_cm":897,"minecraft:sprint_one_cm":225884,"minecraft:walk_one_cm":185168,"minecraft:drop":38,"minecraft:talked_to_villager":1,"minecraft:play_time":63957,"minecraft:deaths":1,"minecraft:sneak_time":1310,"minecraft:walk_under_water_one_cm":8726,"minecraft:jump":1457,"minecraft:walk_on_water_one_cm":7902,"minecraft:total_world_time":63957,"minecraft:interact_with_furnace":25,"minecraft:sleep_in_bed":3,"minecraft:time_since_rest":4149,"minecraft:damage_taken":3124,"minecraft:trigger_trapped_chest":2,"minecraft:damage_dealt":5047,"minecraft:swim_one_cm":32969,"minecraft:fly_one_cm":274415,"minecraft:open_chest":22,"minecraft:crouch_one_cm":1986,"tombstone:undead_killed":4,"minecraft:fall_one_cm":60617},"minecraft:crafted":{"minecraft:oak_planks":36,"comforts:sleeping_bag_white":1,"minecraft:furnace":1,"sophisticatedbackpacks:copper_backpack":1,"minecraft:stone_pickaxe":1,"minecraft:chest":1,"minecraft:wheat":531,"sophisticatedbackpacks:iron_backpack":1,"minecraft:cooked_beef":1,"sophisticatedbackpacks:backpack":1,"minecraft:cooked_porkchop":20,"minecraft:crafting_table":3,"minecraft:wooden_pickaxe":1,"minecraft:copper_ingot":8,"minecraft:stone_axe":1,"minecraft:bread":177,"minecraft:air":0,"minecraft:stick":8,"quark:oak_chest":1,"minecraft:stone_sword":1}},"DataVersion":3465}