{"stats":{"minecraft:used":{"alexsmobs:emu_egg":1,"minecraft:red_sand":1,"minecraft:stone_sword":105,"minecraft:iron_shovel":39,"minecraft:iron_chestplate":1,"minecraft:torch":6,"minecraft:dirt":15,"minecraft:iron_hoe":16,"minecraft:item_frame":1,"minecraft:bow":14,"minecraft:furnace":1,"minecraft:oak_sapling":2,"tombstone:gift":2,"comforts:sleeping_bag_white":3,"minecraft:cooked_beef":1,"minecraft:stone_pickaxe":131,"minecraft:oak_planks":2,"minecraft:wooden_pickaxe":32,"minecraft:crafting_table":4,"minecraft:black_wool":1,"minecraft:bread":26,"minecraft:iron_pickaxe":53,"tombstone:grave_key":2,"minecraft:stone_axe":41,"unusualprehistory:petrified_wood_log":1,"minecraft:cobblestone":76,"minecraft:cooked_porkchop":20,"minecraft:experience_bottle":1},"minecraft:dropped":{"minecraft:bread":64,"minecraft:wheat_seeds":38,"minecraft:book":1,"minecraft:leather":1,"minecraft:item_frame":5,"minecraft:oxeye_daisy":3,"minecraft:dirt":16,"minecraft:cornflower":1,"minecraft:rabbit":1,"minecraft:oak_stairs":1,"minecraft:white_wool":1,"minecraft:dandelion":1,"alexsmobs:acacia_blossom":1,"minecraft:player_head":1,"minecraft:wheat":11,"minecraft:chicken":1,"minecraft:oak_planks":2,"minecraft:poppy":1,"minecraft:iron_chestplate":1,"minecraft:oak_sapling":1,"doggytalents:rice_grains":4,"minecraft:wooden_pickaxe":1,"minecraft:black_wool":1},"minecraft:picked_up":{"minecraft:crafting_table":1,"minecraft:wheat":12,"minecraft:chicken":1,"minecraft:oak_stairs":1,"minecraft:gold_block":4,"minecraft:cornflower":1,"minecraft:string":11,"minecraft:item_frame":6,"minecraft:iron_shovel":1,"minecraft:experience_bottle":1,"minecraft:red_sand":1,"minecraft:smooth_stone":12,"comforts:sleeping_bag_white":3,"minecraft:beef":10,"minecraft:player_head":1,"unusualprehistory:plant_fossil_item":7,"minecraft:poppy":1,"minecraft:birch_sapling":1,"minecraft:furnace":1,"minecraft:stick":4,"minecraft:raw_iron":2,"iceandfire:dragonbone":4,"minecraft:torch":3,"minecraft:porkchop":18,"minecraft:rotten_flesh":5,"minecraft:hay_block":59,"alexsmobs:emu_egg":1,"minecraft:gold_ingot":3,"minecraft:mutton":6,"minecraft:cobblestone":152,"minecraft:white_wool":4,"minecraft:oxeye_daisy":3,"minecraft:lilac":1,"minecraft:leather":6,"minecraft:golden_leggings":1,"alexsmobs:acacia_blossom":1,"doggytalents:rice_grains":4,"paraglider:spirit_orb":6,"minecraft:oak_log":9,"minecraft:dirt":50,"minecraft:bow":1,"minecraft:wheat_seeds":38,"minecraft:iron_ingot":6,"minecraft:grindstone":1,"minecraft:rabbit":1,"minecraft:oak_planks":1,"minecraft:book":1,"minecraft:dandelion":1,"unusualprehistory:petrified_wood_log":1,"minecraft:iron_hoe":1,"evilcraft:dark_gem":14,"minecraft:bread":64,"minecraft:oak_sapling":5,"minecraft:black_wool":2,"minecraft:coal":29},"minecraft:killed_by":{"iceandfire:fire_dragon":1},"minecraft:broken":{"minecraft:golden_leggings":1,"minecraft:stone_pickaxe":1},"minecraft:killed":{"minecraft:cave_spider":1,"minecraft:spider":4,"minecraft:pig":10,"born_in_chaos_v1:decrepit_skeleton":2,"minecraft:sheep":5,"minecraft:zombie":1,"iceandfire:ghost":1,"unusualprehistory:sludge":1,"minecraft:cow":4},"minecraft:mined":{"minecraft:farmland":3,"minecraft:red_sand":1,"minecraft:grass_block":24,"minecraft:spawner":3,"minecraft:hay_block":59,"minecraft:smooth_stone":13,"minecraft:furnace":1,"minecraft:iron_ore":2,"minecraft:fire":3,"evilcraft:dark_ore":3,"minecraft:gold_block":4,"minecraft:vine":4,"minecraft:oak_stairs":1,"minecraft:stone":147,"minecraft:player_head":1,"unusualprehistory:petrified_wood_log":1,"minecraft:glass_pane":2,"minecraft:crafting_table":1,"minecraft:torch":2,"minecraft:dead_bush":1,"minecraft:tall_grass":2,"minecraft:cobblestone":3,"minecraft:grindstone":1,"minecraft:oak_planks":1,"minecraft:wall_torch":1,"minecraft:birch_leaves":1,"unusualprehistory:tar":5,"unusualprehistory:petrified_bush":5,"minecraft:black_wool":1,"minecraft:grass":2,"minecraft:oak_log":9,"minecraft:coal_ore":29,"minecraft:dirt":23,"minecraft:cobweb":9,"unusualprehistory:splattered_tar":1,"minecraft:oak_leaves":14},"minecraft:custom":{"minecraft:mob_kills":29,"minecraft:interact_with_crafting_table":18,"minecraft:open_barrel":8,"minecraft:damage_dealt_resisted":287,"minecraft:time_since_death":291,"minecraft:climb_one_cm":1593,"minecraft:sprint_one_cm":256862,"minecraft:walk_one_cm":207547,"minecraft:drop":40,"minecraft:talked_to_villager":1,"minecraft:play_time":75957,"minecraft:deaths":9,"minecraft:sneak_time":1920,"minecraft:walk_under_water_one_cm":17541,"minecraft:jump":1738,"minecraft:walk_on_water_one_cm":14882,"minecraft:total_world_time":75957,"minecraft:interact_with_furnace":25,"minecraft:sleep_in_bed":3,"minecraft:time_since_rest":66,"minecraft:damage_taken":5949,"minecraft:trigger_trapped_chest":2,"minecraft:damage_dealt":5302,"minecraft:swim_one_cm":67451,"minecraft:fly_one_cm":314943,"minecraft:open_chest":22,"minecraft:crouch_one_cm":3246,"tombstone:undead_killed":4,"minecraft:fall_one_cm":70012},"minecraft:crafted":{"minecraft:oak_planks":36,"comforts:sleeping_bag_white":1,"minecraft:furnace":1,"sophisticatedbackpacks:copper_backpack":1,"minecraft:stone_pickaxe":1,"minecraft:chest":1,"minecraft:wheat":531,"sophisticatedbackpacks:iron_backpack":1,"minecraft:cooked_beef":1,"sophisticatedbackpacks:backpack":1,"minecraft:cooked_porkchop":20,"minecraft:crafting_table":3,"minecraft:wooden_pickaxe":1,"minecraft:copper_ingot":8,"minecraft:stone_axe":1,"minecraft:bread":177,"minecraft:air":0,"minecraft:stick":8,"quark:oak_chest":1,"minecraft:stone_sword":1}},"DataVersion":3465}