{"stats":{"minecraft:mined":{"minecraft:grass":1,"minecraft:acacia_log":5},"minecraft:custom":{"minecraft:jump":145,"minecraft:time_since_rest":12726,"minecraft:waystone_activated":1,"minecraft:leave_game":1,"minecraft:walk_on_water_one_cm":4820,"minecraft:sprint_one_cm":25348,"minecraft:play_time":12726,"minecraft:damage_taken":120,"minecraft:time_since_death":12726,"minecraft:walk_one_cm":22764,"minecraft:total_world_time":12726,"minecraft:walk_under_water_one_cm":1592,"minecraft:swim_one_cm":2425,"minecraft:fall_one_cm":4184,"minecraft:fly_one_cm":30086},"minecraft:crafted":{"minecraft:acacia_planks":20},"minecraft:picked_up":{"minecraft:bone":2,"minecraft:acacia_log":5}},"DataVersion":3465}