{"stats":{"minecraft:picked_up":{"chococraft:loverly_gysahl_green":1,"minecraft:bone":2,"chococraft:gysahl_green":11,"minecraft:dandelion":1,"minecraft:wheat_seeds":1,"minecraft:acacia_log":5,"doggytalents:rice_grains":1,"chococraft:gysahl_green_seeds":5},"minecraft:crafted":{"minecraft:acacia_planks":20},"minecraft:custom":{"minecraft:time_since_rest":17980,"minecraft:crouch_one_cm":62,"minecraft:waystone_activated":1,"minecraft:sprint_one_cm":28359,"minecraft:play_time":17980,"minecraft:damage_taken":150,"minecraft:walk_one_cm":79084,"minecraft:sneak_time":110,"minecraft:walk_under_water_one_cm":2764,"minecraft:drop":1,"minecraft:jump":287,"minecraft:damage_dealt":8,"minecraft:leave_game":2,"minecraft:walk_on_water_one_cm":4861,"minecraft:time_since_death":17980,"minecraft:total_world_time":17980,"minecraft:swim_one_cm":2425,"minecraft:fall_one_cm":5498,"minecraft:fly_one_cm":35675},"minecraft:used":{"chococraft:gysahl_green":11},"minecraft:mined":{"minecraft:grass":15,"minecraft:acacia_log":5,"chococraft:gysahl_green":6,"minecraft:dandelion":1},"minecraft:dropped":{"minecraft:wheat_seeds":1}},"DataVersion":3465}